vibration,tilt,strain,pore_pressure,temp,humidity,label
0.017020805840866515,16.463282900845893,0.28994476917127393,0.2699546526042967,29.516023123012133,49.81491274579204,0
0.14650867003224854,17.994676512723586,0.30267460100168725,0.07002938662037789,20.180075397725933,42.688527129403035,0
0.34785453847702247,20.66457150583044,0.32193285465591137,0.2670493426889892,23.677017113690578,50.47436885759844,0
0.43996283819950754,22.037267239732948,0.4266887170655141,0.19843709279025643,29.78262197435483,49.29506654230911,0
0.22380057752712496,17.2786583973067,0.13194448318992302,0.21027359261448292,23.697648956657552,57.31843691656362,0
0.0392198156758114,21.860183767006227,0.3765625973171965,0.024272728792538754,20.395222638547686,51.64592458672779,0
0.4748774440613757,24.450082707972534,0.054410977195347654,0.0796193661908763,28.689281791381678,58.463596786816275,0
0.3864621570946727,19.356192073951497,0.10922149328328007,0.05145069915641689,22.21760075194184,48.72126990995753,0
0.3519358310604402,12.692614962904027,0.08594322926470871,0.09807732081364398,26.289995859967267,58.52629393724766,0
0.43292301343315753,22.6915215781218,0.3409139563661776,0.06115249479082378,27.585885403869003,55.5089794304826,0
0.08463527385106995,15.272191241994532,0.4888748839518995,0.24139881310461675,25.338447667174698,40.79888068376151,0
0.005280585060403298,15.470789344130797,0.20939590737023217,0.18388677345011845,20.177160827669773,56.40364645940736,0
0.2795897507655135,28.857418239731327,0.19305001925689103,0.20711750824034336,25.21819759717877,45.24217807124542,0
0.08597292791882066,17.574897125049617,0.4924665640943633,0.26308361523582124,29.591410964240307,55.08248452364552,0
0.43890062573625815,16.857927162486938,0.3655502051980857,0.029092863500070187,21.47231872342423,40.26743053140668,0
0.4435015317990818,14.10344097659847,0.4711506618032645,0.16317813130884415,22.856457808353436,42.47647027442555,0
0.41474347583685645,14.351872690805198,0.33188268188820497,0.024067537269592574,28.17096053761801,59.14319505277786,0
0.38722376483329424,28.99707984832976,0.2232283325505991,0.12286655130357545,24.775412256518447,41.571503282072385,0
0.15141917722749382,27.150628297195126,0.35162096632758183,0.1454842771822482,27.63880267899316,48.81928849556869,0
0.3832729209726337,26.056062800427146,0.19017403699269214,0.24473520222272388,22.032169114546925,41.26157849761155,0
0.06642726614969446,28.828426458853297,0.209453032212016,0.14355892007243254,21.348306216438132,47.38283700842101,0
0.22760548155554577,14.17994756568002,0.4952165739002582,0.10507207087364195,25.213803840807795,45.48007826244821,0
0.4591386816964032,25.500910522295783,0.2387770087279001,0.2723853413955597,25.925583134285116,41.695826852540506,0
0.0944977527089586,14.664785852426036,0.24199923507787574,0.17457012844946646,26.65091368416203,47.81771386503765,0
0.42187242699449135,22.16142827055189,0.2621657449328155,0.09217773201651012,29.369376966481596,44.6342514142716,0
0.27601656886275466,11.967709083521104,0.09739000090118632,0.2949722763579135,28.856539655012213,42.83642387412457,0
0.39930712816212016,17.543451575402017,0.46717886626486893,0.011716527860293657,26.85754425392504,55.65652741076441,0
0.33995846329223156,25.530612575350403,0.011977698626788491,0.07693848269914526,23.075316789811712,41.64407461832969,0
0.0502677247535554,15.254434315285131,0.1444458155384804,0.2525201882443198,22.447888343774785,47.73888995876698,0
0.4037841203095954,24.088808916203224,0.21418333095666325,0.07302388597538949,27.91622467746207,55.15935507459563,0
0.12298805230773413,16.412079746467967,0.4887600535675035,0.26790621566933154,25.492849352692637,41.343517603576686,0
0.3972335292297365,10.2244345719222,0.3970701073437558,0.1232285406202876,24.38697158406535,41.0114820499758,0
0.006846444351307324,24.896512182138697,0.08842414575224261,0.06735708263822475,27.370916915920585,58.33564717864482,0
0.02163316854464764,15.027735136991963,0.12654597282831076,0.15044675190659207,22.466740983478715,53.89875182811462,0
0.12541835479126662,20.305893174283934,0.08805279246165698,0.22990864915343848,22.25500319737449,42.398101104404546,0
0.2573097131040043,16.94900211486659,0.3023083029225461,0.2676851195475976,25.62719791347703,59.928661345726326,0
0.2892280870844635,29.502625509526997,0.10642716208751068,0.2888264050348091,26.139480191490815,40.798707080146755,0
0.2419768387335734,16.797851514162566,0.05626434572332212,0.19357755627703957,25.348599259125162,51.76592613720639,0
0.24907376210321852,15.702754837333385,0.35969595221553696,0.2016775395792294,22.958994340848914,43.59247683570755,0
0.3404599620758529,14.226577683069387,0.2674457907210419,0.17460261747330794,22.29500921541619,45.84182106658312,0
0.02376412216369833,29.038960366091505,0.0029743958405832327,0.04221178661111926,21.409265994299542,43.47871986478544,0
0.31377024680668386,24.96105057331366,0.04252505653669941,0.029864807762207523,23.429266894580476,58.605141879534806,0
0.3262166490397829,22.351409648699473,0.4913356115710492,0.23547427527412423,28.4070870796604,56.23997444873762,0
0.020548897236429275,16.182169377891505,0.34551450123944155,0.08711964260380979,27.00308003613532,40.758963326125375,0
0.1700935883051824,19.09491578411785,0.032148036080855424,0.03876390668363265,26.437509204136408,51.5513101563388,0
0.4469749626398046,13.527739526576593,0.22159819056547408,0.2365498964088284,29.258176209600304,52.61168810012113,0
0.394155421917791,16.970154069165574,0.13372574789346314,0.04826530710084933,22.689770847683878,41.82978649892496,0
0.3327707658810015,24.691451249392504,0.25346674272552744,0.057025303940784186,24.168746452693636,58.34228842027181,0
0.4654749102396092,24.685932931761347,0.4505867023640371,0.08185188579720604,28.22700800355765,53.44339054171436,0
0.44251006453648084,17.684366172638967,0.10288074275873571,0.07780624812261418,23.138774334438978,53.79530434901442,0
0.11743047001540402,20.16641047141615,0.31511451303736787,0.1854169114050083,26.79552255096209,54.90379970356705,0
0.16653612382801597,27.59941959878049,0.43483288735822107,0.22246738840574298,21.550648585911016,40.5685038199914,0
0.15979962959116678,21.950451666840543,0.02826469860773212,0.13437171544494084,28.604087004689195,47.89833172465365,0
0.4436672293386802,26.950093474129517,0.0006484927141785501,0.20958879630844837,22.111579354728573,42.806224947715485,0
0.3504667712975819,28.232690151805087,0.09619504844940752,0.16237086576995785,22.845454764589455,40.09689163534005,0
0.17375294075447406,17.418256243590548,0.3305522794230598,0.05663914947909878,29.450709441336855,43.82022390549668,0
0.359120190626553,28.426290789391363,0.29721970542646725,0.18656200212038504,23.583180930821424,52.89656713008447,0
0.07452753892012892,18.64203298649197,0.12035045650750298,0.10034277582377504,27.17904965452066,50.11560327521943,0
0.2127304553571029,20.7818804688495,0.3809252378430502,0.10424250575298988,20.52071878167222,45.91414609640259,0
0.42446282241203365,28.880698567567766,0.0842939408019236,0.2805345246934677,28.67080581495239,41.10341520207865,0
0.25881128894143574,25.50552101684216,0.24772008269063867,0.13046979128495742,20.680562503536393,42.56384960423341,0
0.3019236616793029,17.949389488209725,0.3014621474942914,0.20643092873877886,25.365961129435494,51.34673689855472,0
0.40623409322504794,13.561984184875449,0.1714411281728414,0.2415652641185651,28.66694051357274,48.10921239118698,0
0.489504707246047,22.95169477231024,0.24840775933799353,0.02187252419844259,23.82166421162264,55.04934318258429,0
0.46538612095767645,24.482572426649835,0.21340555875220707,0.09209938498113794,24.63429565782407,44.30021711164056,0
0.3927822123252293,26.521538819511527,0.2021861673105405,0.14823315310430835,20.280331305024067,50.24989604180392,0
0.027720237891418142,15.329373237385989,0.25831653048352016,0.24020029199074333,21.01418894157587,41.843487382312276,0
0.31370982440533557,29.873543274275164,0.42013548242391435,0.290973608271094,22.69170606866468,56.51626601389984,0
0.2768552228301048,26.195761512471723,0.2017763136997835,0.17630039589304858,20.93455849868977,56.73298808780349,0
0.45087938973096553,17.726981725774046,0.4014092671797363,0.15983281215313475,21.14690939655864,42.63399518574686,0
0.49086660527572784,14.180819578933441,0.45272692134972486,0.21980320655754793,25.060559890471968,53.469533179645815,0
0.4822210082285396,25.42440996973614,0.10107448094262467,0.19809032081715675,27.02809617014223,47.857761602012026,0
0.40263440641761705,14.123829203009763,0.19152218257077158,0.23508612717981436,22.79961477608394,44.41787196239113,0
0.1097235629333384,15.449220373787254,0.18515951795054897,0.2538194390859322,26.295280152829005,50.18553879051064,0
0.4786766479391435,19.722042370982727,0.2699661049577204,0.28295373405534385,23.7466660911024,40.28395692594554,0
0.2737678359995809,19.58842943558464,0.1290326128947667,0.17628589737718217,25.76038306350696,55.44829580375636,0
0.3913491231753996,12.274911665382911,0.28162483590196125,0.08508990181565919,20.129805326256047,53.69672187094983,0
0.4441846430180106,24.41675426629105,0.2627275924870834,0.17460321709364182,25.115120506615025,53.358015865017784,0
0.33935324519258947,15.527256797453749,0.19455222671235933,0.20868216608197948,22.49432280771864,55.88297273098128,0
0.4535149949550643,18.752904283544193,0.4063549722939986,0.12340084354346637,22.585851892232643,53.63928995760032,0
0.27068127789850094,11.587075391586524,0.0974037664601099,0.2590610329501478,20.700346024757117,57.641928205656235,0
0.004778188771199954,25.357190191999766,0.11964110207527939,0.26058942291418197,27.221914099462545,54.24232002589333,0
0.4003025351774192,10.826759254116052,0.39298124017702035,0.14212545118782208,23.04248637295463,45.184248935203016,0
0.4300678740826937,24.883313068243915,0.22540607927347928,0.23986631954683388,29.52375276889425,48.22301717805547,0
0.4186061962953236,11.93266916071684,0.08644842895935506,0.20088278909296284,29.153380724463727,47.09140652612492,0
0.024821613319633062,29.916728207886543,0.37524506293797455,0.13313095947635456,29.07507938267531,55.09869574621015,0
0.011043107704177713,21.879777995957895,0.3969602592409474,0.1464589684332979,28.23550006814889,53.97401240353551,0
0.3665504001694366,17.71489020709059,0.056859699737776936,0.08237104830223517,24.920171794490287,41.57613647050665,0
0.4932150643168092,18.52061569655265,0.34137351648075154,0.24351108521942583,22.76787168135879,40.67684082170671,0
0.07451542596496441,29.387795947198963,0.2828454498041084,0.14949784961027474,23.255914776895732,44.460079596157094,0
0.481288899423692,12.63113492469185,0.07309099312985873,0.16012395347791353,25.269173452504134,45.4068468109935,0
0.459546374429978,17.879979693937404,0.3438412369958275,0.11962759065126488,26.680292128399106,49.21778095420827,0
0.41076686160350195,19.360121894005115,0.021896685570324814,0.18948737822617673,28.818821622765565,52.82277663675519,0
0.13302029810922716,21.581561159736793,0.40478776494946517,0.09418213052000653,20.824996713949012,41.76889426187714,0
0.3133007682672069,14.002604994610618,0.17430779874340624,0.17931430281413105,20.46162883664759,42.18855236013038,0
0.4962842143899427,11.986773406804936,0.49877544381315664,0.22984573257075624,29.194910701135836,51.83248856486433,0
0.12131721229294817,29.584728238778748,0.49722127481642336,0.12650403874656466,25.684144991363734,54.835361958109026,0
0.2169061888198212,22.216993379955653,0.4243641544448232,0.032636067382371355,21.527714526391904,46.038480783847426,0
0.4933166341827233,24.015014478852493,0.3979353419859673,0.07940777093961188,22.347258707515177,55.07765245585907,0
0.46160433934284373,10.444559179607726,0.0891591957464628,0.2520175329527843,21.741210549903393,49.247508221989186,0
0.3140669160164642,20.56396008470119,0.21557133860859806,0.048700019594526196,28.968601421137777,58.51412240564966,0
0.07522359393641997,13.574093062885435,0.24898564180343685,0.10094124592574188,23.049151145973397,40.026386006392855,0
0.2718694909468172,19.924854847872457,0.05347962164876996,0.24236682909772067,20.293166340821486,42.748459021761526,0
0.3322148749839188,23.964377023292478,0.17697453850916178,0.28183541803167134,28.801223466252424,59.93200936387353,0
0.23879278937094173,27.09917084698319,0.15991730247103103,0.14652125293538684,27.656989668277067,52.94769602820878,0
0.11645446732626713,25.75854715973026,0.17102894900329718,0.1232908320282969,26.79938423812993,41.10253678939746,0
0.044195226802189624,28.576808428324995,0.3059838333239612,0.08764539008331103,28.43540374445976,58.342888466258124,0
0.0996599161968188,14.257078634102822,0.40077433326930373,0.05268872943549672,26.308362832468426,55.377928797551576,0
0.38270423005916976,20.33172457197657,0.20470368956488771,0.12084335528320252,24.386936781723307,57.356659658903496,0
0.1438139690333008,14.654980716743486,0.31254053322885317,0.25916453755826446,22.3413674995301,55.654010390272674,0
0.21024760662898084,29.20972295348701,0.40687747080323944,0.04319610397193737,21.857006217055307,47.718779984139616,0
0.01895894576151702,25.501368417359807,0.23385805809188298,0.2760317878178442,29.192062474827313,48.690637103322246,0
0.25239791436068026,20.88594017394557,0.1810958917804334,0.19817420883056955,25.99438234869342,57.4457983217553,0
0.4816091054565594,12.415618908458836,0.3547016827049277,0.15013923232849488,24.085733060295233,50.43148504894225,0
0.4289703039373374,18.44587282262395,0.11254150129019069,0.17149659670045583,23.71790403173965,47.60294411303964,0
0.31410043116755076,16.372240267040485,0.40444066175446725,0.061101116748932524,27.235402556229033,41.983375448469246,0
0.11025448930184378,11.90713891277511,0.16400565014492757,0.20416141128005977,20.673211949335666,43.14254704943967,0
0.09463185464248197,10.0997053218015,0.14391687529688707,0.1376416931387403,29.83355343562077,55.619592961255016,0
0.48185717521147586,17.777608283149345,0.380315067498947,0.11137883635514252,28.762599571096132,59.23565013855916,0
0.14411327890287373,27.76825339721362,0.20165302427598508,0.2738886437717448,28.96305170292257,55.98190426049885,0
0.3664073916219018,19.862223593684888,0.37555078224668254,0.28333487450346345,26.40015315677559,52.730310697442874,0
0.09338405068875516,25.267508235553727,0.23148693022666328,0.014683040154412762,26.989603074435315,52.92175277915368,0
0.33634739272521885,22.091767245303085,0.02580185754751735,0.09506354892259156,21.394237560098954,58.70398969137654,0
0.2380815618750407,18.007269721315726,0.11444766767726783,0.22143792986134916,20.52499937540106,57.51309740741275,0
0.02268068562143749,28.36325871611219,0.27397811255565224,0.07385784916974189,27.584096017468152,43.89775643044894,0
0.4119040295075613,17.700703199018587,0.4339984066177306,0.04185658652075359,25.8568649993043,46.81111831932969,0
0.21562987675317818,18.69030803991953,0.3165973700769304,0.17312176821155315,28.30582397684637,54.23627430031947,0
0.26383718741691226,19.775633464427088,0.19501012929380385,0.06205431599652486,24.536661534718455,41.504394553445316,0
0.08588451097574618,14.31336026679557,0.3037371567721792,0.2406982757023331,29.70792829776448,43.29654171487797,0
0.05210025742133828,27.844561100811198,0.10042857479648559,0.11562543805172154,25.568939952526666,51.932310589716565,0
0.15293171443616171,29.379891628412416,0.29165951757498443,0.04155372967697039,26.97107001945624,57.770553209930995,0
0.2684086240659249,22.194500860352424,0.38815366778504073,0.2798175138059424,29.93143528167659,49.23520189268624,0
0.11882215371817179,24.090471302984295,0.08994191034713017,0.1617163851828635,23.55412528788086,47.549691479843275,0
0.003050800690110822,11.701592196837499,0.32270968231128694,0.1889297980330313,27.14393257364141,53.28397693835987,0
0.05629164915737794,22.290270166322614,0.23997900601071326,0.13911937464061708,27.689087136220813,46.326657015735286,0
0.4745135574358595,14.922970031822098,0.043180680246029,0.14106808410244565,25.459557759109877,49.16724577259936,0
0.2721523844922746,13.755283414940475,0.020523565323263604,0.004647786444109003,24.68566392063733,41.62400023045373,0
0.08191755486081104,19.142485107647037,0.056993615636066475,0.29252224856383996,26.06294094585957,46.54492616775445,0
0.04928622428961166,24.793267259536467,0.13641481756514878,0.2745593763432076,28.224642919568055,42.80586995557685,0
0.37194341023984556,16.01176051037286,0.2070737641038224,0.18087983472590835,21.386026842958298,58.06463324350274,0
0.20219267003633062,22.858760334754546,0.16494253318991597,0.07147171863735155,27.502369842135593,59.89225895586728,0
0.3803862005758636,14.867763111873556,0.3040360691146111,0.27119886022067247,24.10352860582457,49.8240929955994,0
0.2939835129117972,26.361871944352348,0.3917468837602343,0.17717461471150855,25.337217367572464,53.85947795233874,0
0.44703416082743785,28.139788905189448,0.012989401788304156,0.20449683669520408,24.572665093503886,57.810046709184654,0
0.2521068729828794,19.582962797905726,0.25370805042521677,0.25296804780864646,28.47179745680209,54.987486529982,0
0.26459546169047865,15.876960966798494,0.11187473542691134,0.19941439378281092,29.86206568827844,59.383631430450436,0
0.18050263359975788,14.619797174405997,0.06318945401891618,0.12665185969154483,27.23539343417385,57.43694655655258,0
0.008387692317870399,27.286705823915486,0.2043716004512831,0.2896515914637974,23.883790230219176,53.11544631484262,0
0.3638453770847475,12.776802374000344,0.3996083277047987,0.02848105635344934,23.490875592216014,53.79528967905505,0
0.4325890354490905,10.804166065040729,0.33816629424130706,0.20506899610636817,21.969662361897953,48.166841699531695,0
0.2506768279345686,26.857746032982313,0.4008343065332372,0.27705548733095076,29.856674869245218,50.84328072017169,0
0.16987699221733427,20.0621636744737,0.056044497065860566,0.00611302274307064,20.124801035169416,52.059026747748035,0
0.40417117771783667,19.77517597053835,0.1524048746509593,0.12432010397698412,26.93715273637188,41.47230873535346,0
0.26497200787353126,10.246250939566481,0.1920490298919839,0.09177193641030862,23.323103060234256,54.118353880648385,0
0.017244609398305966,18.391029291884408,0.17079420689593855,0.2810067244414294,25.16792604069759,51.87389948875824,0
0.40086499411303955,14.631421477582442,0.21677653658690993,0.08666773078493246,22.851240789059027,51.773426830620885,0
0.21879515964791119,11.462921781389593,0.33845697585469464,0.050030853653930125,28.49965006206501,53.88909889650183,0
0.45356483182732793,29.935465929261117,0.20061869426836787,0.24512769706193696,25.66053126626506,40.59822359837723,0
0.1499272233031954,26.14626442861271,0.4393642150405198,0.14691086202509107,22.36401407881785,40.69160999950662,0
0.2321273593633268,11.72811551284757,0.1676364163874795,0.28382940922227257,21.008988637286734,52.469884826630484,0
0.10156932348126746,20.661838918638555,0.00832247893917204,0.09311367292473259,23.661146692966177,50.76386059607957,0
0.0342546223354353,18.570687766728987,0.2918293779599448,0.1733054903280461,20.321183243351935,40.37587169573005,0
0.25852494628870126,29.23047097529167,0.035379038956151354,0.29722109287574866,26.78613340829507,53.0754155724639,0
0.3942856847760541,20.233621709851832,0.18679304829454896,0.23336508539909845,28.68292263090945,44.02263156444198,0
0.09496326780687053,28.59917115565705,0.18653507868217273,0.0917850650373649,22.03315337252506,49.09575780693412,0
0.09671616178553599,19.027386318990892,0.05461377657830124,0.12240373458403013,20.91682169714044,47.42637247176198,0
0.22615783715721915,14.042240121331293,0.2420175178939854,0.2797778704582563,25.39975414695605,40.6666913542059,0
0.12812274816851998,26.704523590510032,0.38888777716634015,0.27091402442074586,29.75956653373755,40.38875676628334,0
0.4390596071870726,22.74729125483281,0.41792833657392314,0.18624292889907348,29.04785161491678,57.066714706775045,0
0.004981295816756104,10.999120888992941,0.35721130170631366,0.24758459214969697,24.373392998034227,48.765865143420264,0
0.07484834404829194,27.702968942774,0.04173639636331333,0.29679114176849725,20.4083674440274,52.85994906722251,0
0.042751472231451426,25.474376126184172,0.12366087838447215,0.20980689864064195,21.33424181423969,48.73407016286367,0
0.1788776851729355,14.498959941953446,0.012841570963894267,0.1392587129968039,20.769376888755655,55.86616174195206,0
0.4399079971195926,27.724031126781046,0.13499375305439215,0.09424523871995041,23.787460420057904,48.001488338045455,0
0.43008736698871375,11.639042693174035,0.4257464883702554,0.2206648290420953,26.105661975067278,48.05672165677064,0
0.4157883812936034,14.363168596408798,0.05277097217079074,0.015411302502070333,28.368227647961135,44.59435793598925,0
0.05484706075954948,26.806131994301857,0.2675206368137849,0.06429930516527266,27.720923555223514,55.281753437659084,0
0.25679619311922985,20.814982720917932,0.22234144902379216,0.09412625152849237,20.10085988773806,49.5898172898405,0
0.08089472519465934,28.616199452327823,0.30451585257504293,0.20059498856427965,28.83074896081817,53.61335234337992,0
0.014981372362690815,28.449696963926726,0.0018952670264525406,0.03401518373494354,21.1609336364103,42.49233692292358,0
0.3468316714307248,21.59187505887535,0.4295247829281167,0.2699192582720904,24.33256328756128,49.66288610154102,0
0.48145579488438367,13.542129961140486,0.03144403665464762,0.17652291388869432,25.90492822592509,42.1813641631126,0
0.24659174717516857,10.568361357937828,0.09654113945946702,0.10515074116006107,28.086383758069896,50.66999223203355,0
0.21155078807003108,15.184293354385634,0.11727457957276616,0.22838248824213628,24.446566890298367,54.04451887803379,0
0.2951461011754309,10.491452629621428,0.17434565168165322,0.17400490320580952,25.62363384108112,59.90275633404769,0
0.45128047563968754,10.295567329265156,0.3795627445443946,0.1456586215317578,28.14157103762232,40.00436339041413,0
0.3685258583007865,20.534955155819368,0.4793388088356473,0.12756744663705175,22.315290193866055,45.436785730502365,0
0.40429772969052,14.644108511825975,0.07699500589069225,0.12762452910183927,25.06113930391467,57.047029728496085,0
0.023277475356119237,25.024258637127744,0.07860165678659509,0.14846073226440917,24.010440136575625,49.708717174444075,0
0.07611836394045507,17.011121131221383,0.3883240031925452,0.2986575808025238,24.41153326871946,42.55997681873119,0
0.393590952305484,24.99552228788993,0.12791063775521916,0.06768620342224606,20.563310690412017,51.255648999559995,0
0.4600084958480969,11.448774204007767,0.12832594625830474,0.13746291939245756,27.81570785304701,53.58804575548444,0
0.3215660434143218,16.36475324125196,0.41327502430107976,0.2353894545361181,28.643434202315273,48.833780179076086,0
0.06355886824414186,29.014489904327693,0.16675775946746346,0.17585697941394562,27.73431548951148,40.08253108804914,0
0.05650520034691775,18.50352719045245,0.014027394793025283,0.09434293126320913,24.79344105435886,57.888970645984784,0
0.40882902415535705,25.861178429147134,0.4226211234201504,0.1577527559816079,25.129864634638704,55.38018893957025,0
0.30977334639179177,15.782998519163522,0.4305853385799118,0.12736453396244257,28.3703420192358,48.98801035529188,0
0.4025177480653222,13.787820052166728,0.48853297918364474,0.2519799077547107,29.534642878594884,56.84046012229106,0
0.47617974068483593,23.114659081021816,0.2118943721014095,0.17238515445007133,24.197181682792543,50.29425587906967,0
0.047399552453999017,26.589512095613713,0.4197601505635233,0.18508852232094694,21.83291337340982,51.636080926541474,0
0.4037763337380814,28.679035665223815,0.05713393986555315,0.03888135795381061,28.106502052701472,49.81572714540538,0
0.38930515526929815,21.29887605345848,0.17988481357062636,0.2866260616174842,28.69778774651139,49.499106326693145,0
0.1608093795383489,12.051361151259625,0.39385758789189984,0.10865657419052716,23.801165227385695,48.978966405617484,0
0.23800814856922092,26.94392483434886,0.10717423685876981,0.014094745206201952,25.934796919570907,57.76044581586261,0
0.2580070936090748,23.751048043832746,0.2872370900139633,0.216746057740743,25.032390987753345,40.35232997833016,0
0.27123555489522977,27.91722131375375,0.13872358167998455,0.19695096702146286,28.095345118180735,45.276531280310266,0
0.15848087497575392,18.460234741740788,0.4474497908350472,0.0361131119285104,29.570788280468356,41.29854672895759,0
0.2141369549954466,21.507239193821736,0.3395102691737341,0.22492283600150453,21.655781162134097,42.20358016878112,0
0.3393463352723432,16.53379880708261,0.2884197365545014,0.19015986573126564,25.678011847066674,44.55707368541891,0
0.17935919158915087,21.848938134844968,0.03499772554881542,0.1670486067269614,26.378789273355967,41.25735154223394,0
0.2015021115402284,24.354425116502203,0.4688986661636054,0.022457456095356255,26.06059682162146,47.37583720488758,0
0.18509985602984846,23.805559752775615,0.3174812717129131,0.1447998229489369,27.082981473952728,59.30669434908056,0
0.4782924806608264,21.54130196380467,0.415839983836676,0.2693225374916563,22.96626518374108,40.415545719601525,0
0.11730579720894624,27.933142386638664,0.4130299401825009,0.24617247906016448,20.9682083216374,55.120680693794796,0
0.28341707530144966,18.467494045430144,0.0742752908815354,0.10094974878708134,29.98841156615692,44.442798897876635,0
0.046801006008244994,20.0293063664491,0.19553536718079095,0.1289499003363,27.788502679221956,40.14869959560976,0
0.2578874274922912,22.651881834932823,0.14524285250789548,0.23324894655511438,23.907202156002903,44.90197493840593,0
0.15568270827672087,23.280792112962658,0.4293014811330155,0.2503745609755913,25.191935152648163,55.889012016399285,0
0.23980029264098424,17.10478193743295,0.283409582868676,0.21390085834329062,21.378509880036642,55.998207233116645,0
0.13666666698001778,28.291615522945378,0.2638652312217405,0.18136604033500678,27.760601027917986,50.39558217345361,0
0.21874748273062167,10.712049195645335,0.4210037446944503,0.231748853835082,25.312218243919073,56.88401009858669,0
0.33259491965757954,10.415771600540495,0.37927233095484436,0.2935235268465245,21.677114078055514,49.516888646769615,0
0.4392442731910151,29.274312834361574,0.23323785739255798,0.18446929876179116,24.88692414234488,41.129795015138505,0
0.26142565850955407,17.45550739926992,0.17283021317847796,0.11036652520960548,29.741953668187566,40.80236959697503,0
0.2513472823706232,25.471699504097764,0.0017129117750955825,0.25280452723951174,21.147106028429008,48.46792756048955,0
0.0012213246612474693,24.475222216728433,0.495869499780841,0.14588691540575247,23.196366271047367,41.9617728560315,0
0.10628948298034929,10.451918628542561,0.010798538516490264,0.1924377288196711,22.97653914024978,55.0970069797778,0
0.13707565029362506,20.924296351277686,0.47403401597231043,0.16716812149841612,29.296237000413118,56.147320421201286,0
0.4522575343777093,20.742551575579938,0.27976591919242194,0.0026038604140335873,24.496801695993625,53.46350915480359,0
0.11130209908337468,23.629818822605355,0.226171843895009,0.01448160359888102,26.06583973633554,44.85697329117355,0
0.19558631575275964,17.823190851360128,0.2213709107763004,0.11140106970679893,28.00687194309438,58.27885357794358,0
0.2947674194770755,25.460716784504545,0.45038450753357406,0.0720812885677407,26.18230625930501,41.85871880771984,0
0.47053749276416107,28.00054861679744,0.26209422031214086,0.21362395395964426,22.843184945655338,40.50399862714653,0
0.22348318599766565,22.298130837619624,0.2713893928075317,0.17835654934516584,27.215696407501163,48.93880811250342,0
0.0520176185288066,27.726056282089804,0.11223801872672617,0.22113651612722993,26.227311364518233,45.183434432439775,0
0.01073627599194088,19.26601833388044,0.45005615286112777,0.26851272472924,23.98743004324317,45.66589239753012,0
0.10949934801839606,20.002806789668387,0.03843485621785209,0.13372460702287495,24.316089712074202,59.138286218378575,0
0.10879648005327047,16.01092439770089,0.1661488792799783,0.04839031132286202,21.002684074096937,53.035389564741216,0
0.391907346003533,20.564861110745724,0.434442953296913,0.006317023855368931,20.635903235739928,48.65341479407363,0
0.08795226167784798,19.700191918451882,0.4030559571633764,0.2647118978985936,23.16783724314067,57.4428360593371,0
0.2024930533467853,26.324467031213963,0.43502736965198474,0.09861577811868871,29.86942095926174,57.50636162950352,0
0.0838513132127941,23.697538238882405,0.20655130865419935,0.053788421241814585,27.70163886551049,55.09805065386705,0
0.21394972189830602,14.421053738546505,0.0274141915038158,0.26745800799314007,20.59610350589151,44.41657383454334,0
0.10153093690700382,10.698857681941952,0.40111705740871945,0.25329017203520504,27.936109433527307,47.86929990439371,0
0.4205166386456011,19.294256680187235,0.4053468781946541,0.26833592634506354,23.842032925950175,55.14197695564516,0
0.28914820404302816,26.515025155862283,0.3337224970830845,0.10602936434191847,24.181117609570315,55.30412630846621,0
0.4686150861862589,21.73281941126456,0.36179677025381785,0.10216058008707628,29.173870477643547,57.759408198191096,0
0.14678699055879857,26.710316382399647,0.4599510731488741,0.2584428216998715,27.831348132912126,56.92092514059463,0
0.1010253981288236,25.489646843205954,0.10416064779440487,0.16726073866792926,20.019860805699945,50.53234171075061,0
0.40668991190115783,15.278301595113682,0.40748413310795406,0.0036785851727482053,28.512626133765348,47.001508122418365,0
0.07013056872382234,27.256308174281354,0.38494167446271527,0.2876451215515822,24.47530431236913,51.06481822004969,0
0.265469774467535,24.30487495449121,0.2895427996061548,0.10832144474489398,24.710116189368943,53.186535726418796,0
0.4408133978542547,23.093667441734663,0.3135484508229446,0.11832636079106924,28.45159946405846,53.38451398633,0
0.36208206968877066,21.786301629709012,0.4800688158644859,0.05665140468958187,26.440629471462387,45.271859873277755,0
0.1107516166710859,15.32244475415604,0.38607408640893043,0.11766609315324789,22.045601790930824,44.060157032273835,0
0.05996245080007501,15.651540157467421,0.24961784176260193,0.2776671404481091,28.15545035076434,52.02574024475808,0
0.4523016857233447,24.562763904461896,0.3045628120555841,0.08237980968377341,25.89271317134687,57.67095826686941,0
0.14978160091330134,15.968223294254457,0.48120587227165285,0.2837860323231117,20.35543175954828,43.30678280365048,0
0.07943033425319013,16.49105193151594,0.08116873454921586,0.13604805826514527,20.484663650732223,59.831927054259154,0
0.018791648464701827,15.191850728678741,0.24340408270396613,0.11745429021987337,27.753413544986557,40.44277326995809,0
0.06457721406535832,25.342887882087346,0.04974549326532213,0.1826050097900399,25.605373040912685,48.24088227468016,0
0.286385947621878,29.360403450579394,0.375025238911828,0.1483540505194764,24.19042756954758,41.210577816513165,0
0.4993605701816017,15.250031763720845,0.3191341895718542,0.2842176120364637,29.34071556745771,43.05195006980515,0
0.2413323598897309,20.513001864531535,0.04780710471167193,0.16442505400748916,25.222114622503376,59.727010825529206,0
0.41218156349322055,21.636048681434367,0.3930362043503918,0.18421002102597198,22.092893233096923,45.96043654828117,0
0.30710487897708905,19.26405634690123,0.4726072956056499,0.2279007210124298,22.267730051062188,51.34103323718229,0
0.1560509560975093,17.1700900180262,0.22108072833224096,0.25158162649561927,22.26199910026303,48.68717467451939,0
0.06768163982758468,28.69482066060334,0.4456991318242925,0.2832257084627018,27.794111088688307,47.01749989637678,0
0.09148841580966033,18.413556054227463,0.2492959273181552,0.22567739417619198,21.94413475869412,42.824300589097874,0
0.4920494434973304,21.1678148585492,0.09007143499447745,0.28320480380159163,26.938681805438314,46.770162837553045,0
0.42431122169500923,10.917758760962906,0.4745577248195649,0.037988886127323616,24.597784950552025,56.21378153719567,0
0.4457796688198196,21.52341532576385,0.16383025842356908,0.11386300670104978,21.22005698605166,44.73870282804118,0
0.15095086371911193,14.812353364108787,0.29397311423866246,0.046565299624715936,29.17120597696433,48.78267938051818,0
0.2635717905160322,12.005515011400172,0.2636284115280092,0.11825905533013047,26.55551353981064,55.12274805545394,0
0.48098376989246994,27.613743626859304,0.22015562120316845,0.033515396974360324,28.72680901659323,45.11794813521249,0
0.22084896964437173,26.77811268419897,0.40579039661284494,0.04489946775868973,21.692697299699084,47.14562779211986,0
0.19769437001807721,26.65337003806323,0.10381018986486368,0.22565271919442337,29.804145815047125,42.551056116377254,0
0.1999413592596228,22.220162433575233,0.32949887479254075,0.14385590839931994,28.698988804127417,44.19458690699047,0
0.3618870859317323,22.991347710225078,0.47695906737292654,0.23941603969786207,25.501823399147202,45.812614741623,0
0.33429013077604414,12.739381400349377,0.33750792878770913,0.09978740015098463,29.321503913858308,52.198361393973656,0
0.16879276702248286,13.013150565257748,0.05727919770876705,0.2949699362056188,24.591865075861957,40.752793779835486,0
0.36667757686526353,13.028198068270703,0.3477446284789096,0.07400550580036397,23.125341879709662,50.29837255480491,0
0.10617017921163507,19.17209808906389,0.1118337598774995,0.23477479643716953,24.251744370298866,59.79264015795045,0
0.18432429852666965,10.488687158536251,0.3689127582347522,0.08852428997956353,23.78759109485793,53.165876047456145,0
0.19027763790482544,11.652986363988123,0.08107305363828748,0.1449860257248901,27.084879982154423,44.682592643613205,0
0.08419765508047411,28.845039781667822,0.461723525571047,0.2806144949157774,22.494793975198046,56.78870380419148,0
0.14446287006571468,20.947434326690647,0.3787778128907222,0.2587928986960165,25.03570236575434,45.9008047924478,0
0.48317319784859714,25.03218176247709,0.1312465500726387,0.21017631907395212,26.476451848759634,48.20049644927645,0
0.18897022581800488,22.427778547823905,0.14862225261751805,0.2829754452670026,20.314885480100642,51.24275182048597,0
0.46638550120419114,12.97926118840142,0.2901422842854966,0.13368927000571085,26.77207961071534,43.01068758619799,0
0.14555030574890448,12.732563475958528,0.12720793711783102,0.25484264610277535,27.95366144266541,46.75164241146852,0
0.381640391614135,15.929070327050614,0.008208907293217382,0.044347939327353224,29.47352244727579,51.130268984650286,0
0.021082995409417327,25.44109915064517,0.06394275546590372,0.1503653267615439,21.2900480997095,46.00600949854378,0
0.122990091457221,15.72233465723161,0.05966805410700804,0.17721598632167326,20.115048287170712,57.61601111834165,0
0.1784731343945279,13.209195799950109,0.18343675079670196,0.17726189881499743,21.960957120239474,55.5854344788343,0
0.3765455310120051,16.522140312542778,0.054481585444378866,0.27178984347032037,23.888739990885377,49.58784194147348,0
0.21774438238131572,22.51750937398026,0.1150164094793899,0.11107403674458532,21.839753960947593,56.791311218106635,0
0.26016203918194913,23.29448081802316,0.3057466745208696,0.10139881553804957,21.666764339955776,49.293918246273954,0
0.38196764211457107,10.643854213832235,0.021732990641639305,0.22139781679900578,22.51525549436625,59.051876251083236,0
0.0865509939879765,12.127033222391004,0.47615113208391113,0.03926675877339832,25.974689595125962,42.03263118193138,0
0.07417612499893539,23.25271576360703,0.22740980838354502,0.23061405551435915,28.479819004664645,48.88407103208329,0
0.25253543973909637,16.649479916175565,0.1585131021874307,0.1409124412464664,20.698310629147844,48.903688688411876,0
0.26932989137816793,27.270100268828262,0.09270618820645482,0.02629154290431841,23.154720913484613,44.31600618438282,0
0.33624186338824236,19.468786221241942,0.28286788991146256,0.12456674795743189,28.477699654880286,47.64777987883003,0
0.2955886677371747,13.293348450177566,0.014021144275114028,0.004168652832639374,24.98087857881088,42.73408607095031,0
0.39213705339047605,17.937130559498,0.24493449649565646,0.23649731058396484,25.48451139349454,40.465604977211214,0
0.3413934191996602,20.859325611550283,0.25216199114607535,0.10941702227109885,22.127473293807736,53.844616033141996,0
0.24394315701093966,16.029866121224813,0.41595974281596565,0.1578943886989485,21.592351873170013,45.04357365356788,0
0.01686097318522317,19.177129599673968,0.020466408197808483,0.0023488350320224225,23.32113018171522,49.157207217309086,0
0.052793422058435346,22.553223361058873,0.06374362282593338,0.19405011509781656,24.295991546723954,42.05448589142722,0
0.08765261593050039,10.653309330300086,0.42183934484440433,0.07583335037644175,27.72557523642309,51.45955915670854,0
0.22630759233840675,16.916916642945804,0.2610000629532637,0.2390460477457358,22.575424461659832,52.32729206271824,0
0.04894280507419618,19.044869101666244,0.45973956557612394,0.2748770129470103,22.664077390047098,55.86548459809805,0
0.49633982223398193,18.947541236301465,0.3867016385221351,0.23071215310621698,29.918682573077266,51.784452056612885,0
0.10878999877041828,19.168326782990704,0.3411301051350988,0.01943686694292328,23.497131314107342,47.025457356605585,0
0.001613942121036327,23.21866146707565,0.43231017606124544,0.01686929690755704,23.902374909298434,53.37706387059124,0
0.1181018305842268,28.22652426471739,0.0031164422483121457,0.26155792138042183,25.5031627769951,53.49268442818988,0
0.4610630673898392,29.844174466341265,0.4624797978790991,0.1416849238066607,27.245579402654744,40.48773516209792,0
0.4091251034613488,14.752007353791965,0.13609193657499735,0.21588769107006145,25.842632390896465,42.10454647170356,0
0.4228973001397435,24.750225034378524,0.0008586506482410328,0.2498211718649825,21.292304720602033,58.53220326538483,0
0.43964484658672726,11.209412036904567,0.39970369706132874,0.09455895243230349,24.41233951411536,56.93709724498196,0
0.33003659472897284,20.81646225744879,0.1666857742461787,0.16276865976512966,24.83310014211998,55.19644696744803,0
0.4720021667658604,18.994751408946012,0.30067284983835796,0.12601063275531105,28.943573781711898,43.44345823645839,0
0.058515019242787625,17.747282664555037,0.1582419241913871,0.21811878565972068,23.532679173421336,46.81641287010796,0
0.33156359659280515,14.850678925291401,0.35677849954358365,0.21121014922619252,20.091852235801817,52.63205500010296,0
0.014870602910646513,10.37454848830065,0.11701142716252921,0.2810893886959837,24.266936241439623,51.18641685789865,0
0.3343753904655786,20.789489795389816,0.4981930133855025,0.035576942200806795,29.736365626448194,49.68433236000957,0
0.1724017622487713,17.969464859373957,0.06432114824144419,0.09945152595659998,26.91497787818714,56.110973170654816,0
0.14458909533518366,23.36200018502393,0.17912436563818201,0.2671006864107096,26.503947841534398,56.81846626403755,0
0.4636869107088591,22.94466289497315,0.10821446703401516,0.11401888543491777,28.069105924252163,49.86998699159614,0
0.07054042517334208,22.87126114140175,0.4651770542152954,0.18565380150690727,27.926968390658786,46.6638412043808,0
0.48748027335084765,24.801468977773983,0.2392562485232605,0.05518567582978079,26.603642625393697,53.007970187037266,0
0.2050922904985647,10.439614697574806,0.15419268609051234,0.21974925156385527,22.778361397394644,49.6413608178206,0
0.17167433242808372,11.63550263215469,0.03274431978642628,0.09515511605389017,27.336822357789778,49.46067937480682,0
0.48008294523226636,17.817734554380063,0.20219811984553182,0.14313969936772655,21.33847591634573,54.56794673338295,0
0.2459545756168267,26.20535530377785,0.21324649127655004,0.26396123834966534,24.8454710546729,43.633291814038124,0
0.4468440257616948,24.107743194800197,0.35557885979588644,0.23268963303082765,22.238945987521042,41.413081316023536,0
0.05524415704458846,15.617356510734242,0.23966308189543384,0.11587386522761763,26.031566056151547,44.60770683814722,0
0.4896363139053757,21.99533212958053,0.46314163518775653,0.10621390076921783,28.448131994291007,43.00753930742094,0
0.38683760682379553,15.605445247206017,0.4746676851800315,0.03672871064853449,22.319342578436885,41.824464003384676,0
0.1474426721372376,15.670837214178167,0.1169507150898828,0.27290954570012926,23.812142451560675,46.38643638271429,0
0.09726505739076785,26.538133694090746,0.3110416932434771,0.14042158302899244,23.368363491866187,56.246655211186855,0
0.3680495535948508,13.595355581592731,0.43196005757659994,0.08169115188579008,24.5894929807752,51.32208682211685,0
0.2901768738191944,22.13745577708744,0.27342621616109497,0.004432685403991721,21.388076307428605,44.71707251311864,0
0.12343728766121032,24.62321045736281,0.20417413725990258,0.11132162487397836,27.57820892499154,52.055067493635796,0
0.31120648589293154,10.688125349730607,0.20640263061412473,0.12398844239772554,20.643593412671148,59.657668562632594,0
0.32823236959372015,14.040156205159814,0.0735784669250985,0.1765928043402728,21.509743019454007,58.16242539433496,0
0.10944403317294565,29.131486219194812,0.3857138132653355,0.04470808968983825,21.683346548087215,50.232739278673456,0
0.4823405286217959,22.502696297568356,0.37810105705893904,0.19247906691111924,25.72074583286925,43.60020056090842,0
0.2731005394556175,11.282711745300498,0.185389540786441,0.03944298476295991,24.56363796643363,57.63342927257936,0
0.14662869255913769,27.392847775565702,0.30620565743383094,0.25117180724718546,28.383698642760013,57.259566404192526,0
0.29832418427375573,11.238661972519887,0.10796498035804653,0.10313843314760966,28.504318394272712,50.17515571260845,0
0.35248975875624405,10.358221926424282,0.1705759906805106,0.015607008346297878,25.832960533971633,45.577475244918894,0
0.027531069247826112,20.04985547684894,0.022942898585565474,0.0043585647232591285,25.239063360789363,44.978308914675004,0
0.3964885005835381,26.61119612949765,0.15940215767844823,0.20234915508243279,28.264969405824843,43.91302939522815,0
0.086578054137956,13.622685774159123,0.43156262217265723,0.12373473676412353,22.801789731108258,52.311918185328,0
0.40299032528862827,10.500197565025411,0.30804091756642066,0.0024835684005161673,24.766797235833568,50.6479937781157,0
0.09909044291698554,18.356700187893644,0.3042376082831075,0.24324317542484558,28.283135474408393,45.03475680189586,0
0.42680637469285365,27.860462417990455,0.2334620196028646,0.24604997337773088,20.721876965708265,45.76282246943174,0
0.01716166740270081,16.442470355175498,0.3636587810570711,0.2626609822615514,29.695046749648167,53.578512051775206,0
0.2205698272853917,20.891400553985086,0.41240809352526525,0.12837718844062437,28.49295123947875,59.09735753088286,0
0.47255439889585565,10.671917261348787,0.18435966297834022,0.05057950116457233,25.80238336366039,40.63871770191303,0
0.2619910066038923,27.748768914374367,0.09085472565433328,0.21552774339339606,25.154668089524023,43.67720051392366,0
0.11744316842566399,21.397110435838275,0.10581773736813566,0.12079150177256476,27.00707469272865,54.30170571693496,0
0.345860380797829,18.975644877861594,0.40521895383516476,0.20805524285391938,27.925318573894,48.31148726286507,0
0.13121139240654534,25.944824627566547,0.3136862144003611,0.06233537516276961,20.161687979247443,55.96559627616442,0
0.08381850618051961,29.750144239431055,0.4039416496398208,0.07393968120148486,27.549328418252532,41.91391822464953,0
0.4793688709760703,19.072252588374003,0.028767022233855688,0.2651781761174383,28.350248265511947,52.330420607621406,0
0.21970421256405187,11.049252013059657,0.3940692196148139,0.22979940670439497,22.893918322260557,49.18696816657496,0
0.23330788289288057,22.816987182546512,0.007062668359519464,0.05417431348941815,23.79995347547131,51.67542648605621,0
0.23577676011196913,28.601954784885592,0.22125906374170312,0.09091360778162802,27.70786627663782,57.25578663371721,0
0.11749117119528107,21.81836303117714,0.3880958750337442,0.2705369406491682,27.370091983624935,45.48329895872664,0
0.3772431088787711,21.868450689023877,0.04115861960744971,0.12714293007530714,23.934440508057715,59.57301962345885,0
0.033722551317506955,11.82251691494724,0.14462741697592058,0.23409233065971452,21.792578041635934,58.69622961932972,0
0.35622508947607157,11.049712494083966,0.47481275341743373,0.27870092710872674,21.291317035413233,46.02254376835146,0
0.4350712215091857,20.402222183924376,0.19522562614658384,0.19520476474178763,25.347851195623598,42.76406076968022,0
0.3869785863746276,13.255188366251048,0.47089828843275444,0.1630921901019257,25.76373614047718,56.50023728664411,0
0.2665990156761768,12.903543305803671,0.24935636660350097,0.17962948907376716,28.604361362885626,46.81633679011945,0
0.24302409822011506,26.27147933927264,0.09485292211306556,0.0806394190854311,25.534167450573534,55.25823261269161,0
0.3170545931046766,19.843941532458455,0.24516659853617823,0.21932419207597045,28.795017932633023,44.61406868737941,0
0.2754904862044198,26.144071624979013,0.06888154291980464,0.2669408362983392,25.62954545065164,59.87411209446199,0
0.3145769164363421,14.828104137357913,0.149471296281254,0.1147333278975229,23.019901549582148,49.711970913290365,0
0.13258501476674694,24.731905467089597,0.37603617777325604,0.11810083532190546,22.040976854776666,40.02929198405313,0
0.03522234073506125,28.161613802839156,0.48595454599872645,0.29542230235437766,20.49720859751393,57.79350086624205,0
0.3346464635452835,17.94786283777229,0.317465329028511,0.12274693318870375,25.681039977145048,46.020706626351554,0
0.3452708738592995,28.185901528874528,0.36716150405637515,0.2869836843498125,25.73419041695275,45.21146308533665,0
0.18657698005183604,23.90272081838305,0.17130669784807978,0.260627439665707,24.8027965437436,55.92288786545943,0
0.10046532052698554,17.52754638419471,0.0995597199351318,0.29033493091927737,28.588058241825554,45.42280229786463,0
0.3354193154207987,21.885339480897727,0.32862372656359545,0.2538378376540819,27.49034181193619,43.64918686083782,0
0.4881250096744956,13.234542151310716,0.4515315402184567,0.21737417521558994,26.8177807744619,40.068166785593746,0
0.39590535534865234,15.076426441703061,0.053055671625783174,0.016256595231069648,27.66649493271347,58.598988077690976,0
0.4459194130900644,29.352965103384342,0.41098691642033636,0.08236393259778627,29.76460849822276,47.58443030340532,0
0.43746942028032626,21.050683570872227,0.4080743358111407,0.19420683408413836,23.29068798343893,57.439380903886054,0
0.23630990707332283,27.096415840061713,0.4082184010579749,0.14936726046215518,26.670382188804457,52.402568758862685,0
0.3896932221907113,24.727583444146568,0.040000671589412895,0.19780326968040748,26.488281354772667,42.046723965777005,0
0.16831384349917666,21.631054868410725,0.17444634347628685,0.20897221833168486,28.18625558037551,57.46069810804051,0
0.2194656430586152,13.739950365119427,0.33459281385154327,0.17303035066461994,28.18588435464749,47.748904748880264,0
0.29669376390855845,21.41490722314017,0.11841805468273375,0.2091400599733894,24.356864126700277,55.707971110656004,0
0.4965636499432028,29.3626810485684,0.2601700840522664,0.13154463676911696,25.727556727541966,57.367287526894046,0
0.1460321377540662,24.995160818636936,0.49414483997390024,0.18982158617687842,27.454426418371046,51.64256960281517,0
0.4474178801161669,35.661576471810925,0.5257449715381273,0.4360352610066806,30.51053030682516,60.11177998714426,1
0.517022840114823,49.44530091498141,0.5444791407818236,0.3225666326423441,31.710964470628674,69.64378684008781,1
0.6661035304253748,52.8389108506331,0.6781638622285371,0.5663829175929519,29.91795234892818,72.50931360277944,1
0.5545358001074153,47.73845897108618,0.6922604865316426,0.43616484647978404,35.99179410318125,61.59009370814344,1
0.46808505994690175,49.988184322714055,0.577149647146443,0.46224505445000297,36.50680176855959,64.88889876388457,1
0.603639454680678,58.60753548752618,0.7773566619602559,0.3794577943209283,32.513556639427705,64.93784924724154,1
0.7867449697134813,46.61451881742736,0.5363931040608619,0.40963756567895426,29.503506484840553,56.18377198922465,1
0.6886775497816802,47.59276897164178,0.6668145424057687,0.313136592294778,29.685232485690435,69.6030419144022,1
0.6660576049800732,66.53131732780582,0.5730892812839183,0.4911424895365636,31.142081946868984,72.96344658202216,1
0.6112957819710727,34.02426045268895,0.6270268917811876,0.5696620393673526,31.6459574723636,63.855210181562555,1
0.6468550797189403,43.297475910314844,0.7599077899018762,0.3316628312644938,35.67376041166561,68.19163934421405,1
0.5016499354245975,52.76118760607454,0.7222363010227579,0.30249128771563055,29.96748745180809,70.4242175206141,1
0.6850658511177886,61.34165415954423,0.7685170832835634,0.6007158333305633,36.09367458387594,67.64067382757513,1
0.4264905658284229,53.95574410209716,0.7913170726243136,0.5598972058772355,33.7388328110502,62.992639361066544,1
0.7367302071079487,48.88342807867848,0.7872705715400575,0.5614439632287637,36.1551707129597,56.69815329604283,1
0.45329420811401294,62.496675620338735,0.7033730107343787,0.6879095886817734,29.04504111707973,64.96563481063595,1
0.4314909224316471,46.1368576953066,0.5639949855817753,0.3445784112266181,37.851346810003946,69.21494825911414,1
0.5136213316707722,32.387909982315215,0.6142544844820828,0.5655922473507379,28.584036153136065,64.05423601287485,1
0.7954071925569866,39.95013038964113,0.41610537242473494,0.35012181898296596,33.240545183866445,73.45605862331225,1
0.49617131991594066,39.899601606581385,0.7893264349364466,0.6292193632151412,29.683575738635827,55.84418071001106,1
0.47733865025230604,69.93917739999891,0.42420306358962956,0.474945307641415,28.63201187387296,57.85570062347301,1
0.7702650104084756,55.329120341606234,0.617119369934766,0.5463139681474233,37.631711949801534,64.98739382174466,1
0.6750537778081197,53.67313497714021,0.796022598890307,0.6574592462201819,34.70234441582065,59.91754740048812,1
0.4477570282287113,38.75769454008519,0.6899083332132696,0.36037115794725755,35.01324170481522,60.43140658755421,1
0.5440584774955318,60.84701703104885,0.4128146511391588,0.3524389696545898,33.44674825294569,63.106298554907895,1
0.48757239271708946,43.85490047768187,0.670319559147435,0.5785849483850078,30.271120000557545,56.909364771313285,1
0.5048461675996058,52.02959281822278,0.6880355102810681,0.3645574433218773,29.77531460087808,61.0131423416057,1
0.618766968357057,51.767018744233994,0.7636272500341094,0.31289634309177217,29.28130472731117,62.18988065108935,1
0.4226381152337371,64.44925558559976,0.42803140277980534,0.39186759968935725,29.440439736744967,62.845326524077244,1
0.7001322770687191,41.39514022091888,0.5861903281577675,0.4235395430165612,32.71922512805207,57.547404001877794,1
0.572816816528042,41.56516647650287,0.4722715261071422,0.6982584471821791,29.83696155541888,62.363869842895625,1
0.5002597260340463,34.19583615388972,0.6359783652458226,0.4978361962267646,30.14103688766145,62.79529203403769,1
0.7965015804106161,68.33732303557926,0.5751781665090748,0.6886445980272387,30.130405196790505,63.20042098087944,1
0.7255222477243046,40.52131569883063,0.7982567108784666,0.38311761662350297,31.34445172698806,69.19979478661747,1
0.6406927116975601,32.15976963251025,0.7347690073223625,0.35862401404409217,33.763390800700705,67.34759134997306,1
0.6454880737547611,47.02599286136848,0.5140416284834498,0.3610099360619093,29.51733643436265,62.601344368762824,1
0.6683832802930344,49.745390688901956,0.7321340353131197,0.31707866940501933,30.420929324311594,55.83638465957238,1
0.43733452837148784,46.44941719668252,0.7074526522481887,0.6940944935866245,33.00010735730622,66.8252995185407,1
0.6867768385230646,52.190936639577174,0.669519089707844,0.6551386498252723,33.54998776728173,55.92308544822808,1
0.454353253641144,34.53598942850779,0.5735465267457827,0.658457085576634,34.666780879566296,59.32586977354826,1
0.6417394178819947,54.990413944263665,0.7376860980307756,0.553907966465805,33.31586970275033,65.76493459727634,1
0.7874146369651834,37.76601764267175,0.7279835744714008,0.5549061178044742,37.78707051623013,63.268602412563666,1
0.5328779010245153,63.191761901087034,0.7450983370343122,0.4922118726012876,33.942259963950356,59.673805226690504,1
0.719851242171016,60.047465120555145,0.5711950223936563,0.3733224252719915,35.146286064723796,61.31682481778036,1
0.6551422536686706,46.89322969898977,0.4714112714667088,0.6935982098303862,28.898088822678506,71.65106126391667,1
0.4840282459293446,31.05010964878614,0.7826250114537396,0.3699409824216987,29.08502756683027,69.25131054405227,1
0.6901994208386636,47.381891505985585,0.4442554556992195,0.6812462225393834,29.82437793513719,63.32619908657902,1
0.7102217696654642,43.40941703168565,0.6300644129905052,0.5570978470948375,35.39557833149451,72.81218783778303,1
0.4320561880693522,35.242270278528,0.5824665417246735,0.5077380155615105,32.357367709988,55.68554487568852,1
0.6680719996463027,50.05051814082229,0.5711035081277982,0.6950418142334893,30.63230686555865,57.537193584809245,1
0.7208399641612305,35.70009921951187,0.7818491302646077,0.42280290683049593,29.09639317937325,59.17468613841349,1
0.516969051814486,35.66096308537606,0.7267763470380368,0.48173063517153536,34.556511454592254,72.32419031584737,1
0.40727565938833,37.420205812601054,0.45713682285371215,0.5104106451094336,37.064755968548894,72.32116596656954,1
0.4866810844378182,39.88261003861896,0.719004324770802,0.6325792312304336,37.4857160974127,56.97936253503923,1
0.7736652623555588,59.07587074054463,0.5530646602449042,0.6349543924332615,32.81701397485754,64.69084559258303,1
0.7177620726452821,48.20204216856111,0.6707867204927846,0.3530065961901206,30.231062784727886,65.15048379205426,1
0.7750462369101543,61.54338958186633,0.6940010695928183,0.5606479320027847,37.53580525783596,70.70742410349028,1
0.46558896680089007,45.67999571773282,0.7013981343909539,0.3697973105028486,30.26246133096295,72.40196041142703,1
0.4856658078824078,32.38957705973645,0.5633447536936178,0.4647151320614498,32.84160843782208,68.97248129613402,1
0.5350077221999437,58.26989762806555,0.5331384312141076,0.35339657352685355,32.43670593954155,62.5859760668509,1
0.4803643282147463,36.89640216684805,0.6541944649898159,0.5787180124198725,28.728706789913833,66.17735496169544,1
0.7445885876754313,69.17909311070228,0.6746571413968034,0.30120798181960656,35.80792326280509,62.19041576849564,1
0.44011571262683197,55.837671974637985,0.7284214409869775,0.6338577843099539,29.468896914815414,59.76297633146454,1
0.5610331280203772,49.95157172630122,0.5117836378535853,0.33489645870859813,35.6991202246292,58.48191679200877,1
0.6470764501990988,44.09715822377545,0.7421782406130472,0.5589078964818154,37.2537131498971,69.70395876763959,1
0.42613296830213165,38.74641590501128,0.7013702091738608,0.3295192358123636,30.79042236004205,72.18492083517543,1
0.7914320305002158,32.0122194790377,0.5813899111763089,0.42337366061649084,31.8638488813941,67.0571413671172,1
0.49018206975843315,60.579046271543426,0.724792194189095,0.4003916234158895,33.40762992711678,71.0265457546969,1
0.6038364768721767,68.25946082438568,0.6833653077159195,0.45781028512326555,32.17210711918706,74.70788894573859,1
0.4710178981827714,47.45946683979567,0.5289108312665848,0.6262770091064845,35.4787220459801,65.18900374312202,1
0.5158915574969066,32.276115094505336,0.6036017544264435,0.5851622816807412,32.886566949266374,57.678244886228256,1
0.5457095900183161,56.11729476115938,0.7918706580315292,0.3695971003164272,34.28124487895916,70.13489715267477,1
0.7576432747506845,30.05428196959963,0.5092176294247788,0.6296346667315125,28.346845237107082,57.32035097243497,1
0.6867925583262594,42.06433787802694,0.41538473052958347,0.3472130559343366,34.06942309020854,65.19133742665672,1
0.7142892861048469,52.654602501624424,0.6678168701250784,0.6667265398560421,35.349609586578104,74.77065338612758,1
0.7635323199201863,50.58868284581727,0.44670014249988377,0.3621500084672678,28.334409563748547,55.95305879035536,1
0.5286469629557767,42.45411282366995,0.7042700390964263,0.5344092562095081,36.864766452656575,68.31517368047702,1
0.5070363217308603,64.80705286675935,0.5138216274251152,0.49163817155596085,33.52087530882018,58.48126482189229,1
0.4471250019749513,68.75318468967673,0.5729843670226177,0.43847271614572914,36.96379523867575,73.97628546919199,1
0.585236105463673,60.86315615180083,0.7657986464588794,0.42262279171317674,37.18350858677974,61.65506533536727,1
0.7982692385513602,46.2201276288458,0.5492651373146752,0.37846828350811024,31.252973611611605,68.72329223944558,1
0.4081716471994086,55.528790246898126,0.43942507856739965,0.5790299820816177,32.866666859751646,65.9131743960067,1
0.7571875802717304,66.88160381134925,0.47895022395783987,0.6038810872007673,37.909569797514926,72.30504789529385,1
0.4947407983672625,35.64006176065944,0.44605804059554344,0.4527292515242854,36.450437731594114,64.42382130612582,1
0.40461244242653654,67.12527246165544,0.4462549310991295,0.39371827367947954,35.36269218869332,55.28976816196695,1
0.488181697171047,64.74014471274813,0.6454840628394063,0.3919123485402294,37.92100736041353,67.96019631622845,1
0.733832913599944,53.284152827233136,0.47222874178794905,0.6681157465465113,29.453442125874737,66.09043326414962,1
0.6213635182304021,62.01457105924349,0.7563289891362968,0.313387593259784,30.473045608846217,71.14298224916308,1
0.742980091038223,51.514273428605094,0.6349885908692453,0.686103754126717,34.547826984305395,71.3092353782337,1
0.49450018902772147,33.510540479708574,0.6356294144245399,0.36028649918431027,33.69338623123488,72.61857469624348,1
0.5284627583795725,34.607015939179824,0.5694176781485515,0.5516479905873596,28.94262940341047,67.51039799037201,1
0.46632830133523606,62.04315078409766,0.5687576027028087,0.5276541719275786,30.46837715323848,68.82403913501032,1
0.4352752290354858,53.995221619286426,0.5098828272406174,0.5727594682139933,31.127212129676717,65.5730006043605,1
0.4569773865473441,51.989102562360465,0.7476217811080734,0.3085483153267519,35.78647070196993,66.54011907475922,1
0.5638142610446439,64.55443873498544,0.6417954429084837,0.5265079531729128,35.62351866365256,72.25058265507906,1
0.4162669271856034,51.78204199320058,0.7892202135284024,0.5702241869872151,29.80464785748445,65.13940627844363,1
0.5174403376794363,54.93693124140859,0.6122502501902146,0.5498014679780361,28.367633799800824,58.103492084537635,1
0.6678209852753159,62.768194240232546,0.6838035236017153,0.6770889669368279,35.071627036418406,65.97869277295408,1
0.4452318864935909,55.019213035147374,0.44714277169924027,0.382741760855672,37.938846949712826,61.47851083809329,1
0.5649145974326232,59.8581251135358,0.5505891030299965,0.5295690807988451,30.031151333951883,56.54359455680702,1
0.5054349466546192,39.99688534779541,0.7958026294383747,0.5698872806607659,34.400740217190176,65.66084532936353,1
0.6512205265896772,37.362560077417655,0.6668531539722087,0.3744202358867904,31.55899269846599,57.615596862028944,1
0.535513716683531,44.36380867885105,0.5824553164901805,0.3716392749675571,35.5527095477063,67.95249662942301,1
0.5300494614732443,39.1039810732327,0.4609354636625826,0.44624814214767916,37.14742403859526,73.51628773786906,1
0.6397227054495752,32.58355341958918,0.5623589593511911,0.5508293322468744,30.503657700384217,59.20138761293557,1
0.6161681299380476,41.32021150656567,0.6436553113561182,0.6456525212663351,33.10471107024868,59.28056210390916,1
0.674400756923772,61.98761024390593,0.42377040973178426,0.3000043173300858,36.88810903483909,58.26502499568563,1
0.4082785116513706,30.941314845888158,0.7754155823618307,0.5041729058563705,28.939809607458194,55.5870529852035,1
0.5594465235545887,59.28346197726904,0.463659314349115,0.41424015300450473,30.21380571116266,64.83896681425335,1
0.5039095823230594,55.33930393281129,0.4489733964403591,0.3975849652998608,31.937249204229662,70.24976245610338,1
0.7560758895875554,59.87781762193766,0.42061033155806055,0.35073449437445,28.053047295305156,60.51012256730443,1
0.7695813352587455,56.26085731761648,0.6855527296569549,0.6469585593167224,32.56754815789192,63.40613814912095,1
0.48020446053481497,61.9737260718821,0.5036593572286813,0.6895649797263113,35.17966187276726,62.68544159175462,1
0.7583827043007676,33.504595992424754,0.42445055601284143,0.5990351738897297,28.06463766105051,67.3025996204988,1
0.4303990888532543,53.1760396884142,0.4866204906956607,0.6296621099256796,32.999964212132944,67.56080807513274,1
0.5506047679200059,51.027832911749464,0.7478729930791866,0.361041588785055,32.657805650648164,68.52674852347897,1
0.67085394122431,57.31614788305697,0.5914872291936595,0.3129456216082197,35.58833500868786,67.31382129719239,1
0.5757175293399576,55.786109717435444,0.7768013640270945,0.3650136731941901,29.22248817761375,71.19680183665696,1
0.5529208711802279,68.46383655820249,0.5227789605122076,0.532192181302839,37.30921397216932,65.96773872519232,1
0.5779842798011512,43.65633814368879,0.7040082811406471,0.6122465211221428,32.23608924368076,73.6002360082679,1
0.49765016977226273,38.182613318439664,0.5029010199564585,0.5122149104540259,37.296258627832884,74.86369867900504,1
0.5813787959938954,47.856216812805165,0.44989308618241197,0.44980930627638904,30.242070789344535,67.35806642992473,1
0.5838415925019275,37.18403198840256,0.5319443029184122,0.6274192793461315,29.95084090804813,70.47232579981835,1
0.7064898824754725,52.90120865641686,0.6616235510245425,0.6033601367264818,32.344070925465935,71.72120064809513,1
0.4951190253992427,63.26626845012024,0.6012329254588658,0.49287304589665015,31.71151770189711,60.9867248019753,1
0.45714815543509524,65.24154023712357,0.7491238477493887,0.6772863481110012,35.67534250124479,71.08660054539789,1
0.717780591033019,69.13180893364247,0.7678825571744807,0.6739702141434701,32.88239029127453,74.0913504735108,1
0.7720693848259459,39.07396924364778,0.4369187512392077,0.6635227284237977,32.548056092115,72.97056210023172,1
0.7575649355979033,46.33388039922032,0.6527706093037997,0.6861325172085467,36.44822762267575,65.55134922150843,1
0.547981928932932,59.0101423953611,0.6588343042743684,0.6047974672266889,29.126482787902663,61.989351603371404,1
0.7193889861010012,35.026179631604826,0.5376823331578025,0.47519793196315524,28.521058464083566,71.43357041158812,1
0.4071762505234992,42.242282048018126,0.7973573821167954,0.44598402925107355,28.86926193082279,63.69267903934692,1
0.7138201024958123,41.52440494332928,0.7298322498074891,0.42683518501970347,31.73563292488931,70.84176413201864,1
0.4808007994379031,56.47405340110606,0.4864921702496366,0.3554255030552137,33.66745067336027,65.39851871604738,1
0.7388105745214661,44.064986744388385,0.548648434398653,0.5130827806657275,35.0496981036818,69.67240834882563,1
0.5654926581755017,62.86189331212842,0.527290487018986,0.6258809445264846,29.857461662314964,72.8581175202961,1
0.6775534279794886,64.3730673058893,0.5643938823781071,0.695992899672315,35.87114443050951,74.4720186572792,1
0.6873054169181271,38.31309368227327,0.5191879687312111,0.45431453734752425,31.791791911318732,74.24397441554288,1
0.5192481290467429,58.73201747605413,0.47597924790567286,0.4033071736928838,32.57890694599451,57.47757787165514,1
0.6084527116319399,54.1658603274186,0.7652191777278214,0.6455935637237168,36.43735029226854,59.40619665497336,1
0.7795772609050382,52.06291263922973,0.6184961995348268,0.4251751882677035,37.31705626708907,59.240785035121405,1
0.5634873395567698,68.73065937458774,0.6094192125922017,0.3506649339290877,29.54923026967009,63.0475098220492,1
0.7940196175759654,69.14639261010633,0.5328564958853399,0.441188649108486,37.429276087740945,68.01292144656097,1
0.7259547439005563,68.67447936237306,0.4899727862943068,0.4076253190814194,30.314945950685498,66.64904112392483,1
0.4760101185139569,63.646311974542584,0.5328225984604394,0.39705081565745154,33.18521681407787,66.66384294669794,1
0.7255259756114412,41.428370625672784,0.5948636984926432,0.3573223819433046,32.76484625098846,64.47362363580932,1
0.7842738577190709,64.13419259174593,0.6245269732930253,0.5381224288070837,35.30094240708052,63.45387741098027,1
0.6323623911993025,40.10617533399599,0.616774943532274,0.46341165212154634,31.571586910663154,67.59102713239196,1
0.7770508732048631,59.0532141303159,0.4719998092332911,0.4957164249900301,28.019283526496043,59.480368239871716,1
0.6703472138604261,48.35175085183281,0.5602127774829357,0.6011699026951685,31.80281271815835,59.07927958546403,1
0.7207459338418302,41.542503381923595,0.4917478481952347,0.512727172198213,32.113506818633,66.12371488571917,1
0.6898266101094084,47.67493981876428,0.511755503042571,0.38776117103063124,37.17136268033122,67.81526095043458,1
0.46472608640107493,38.94449579080691,0.7970085825840717,0.34160120139296457,32.621756353543105,73.67722968967408,1
0.746229202743428,53.963415950625375,0.42120726785765394,0.33872852920946395,32.80295272916142,65.8422650694494,1
0.5290597573173326,48.27911754586576,0.6904399226638552,0.6614695195330953,34.68257656551106,55.688993157575766,1
0.5854186335146899,63.64754310091459,0.6973822111705469,0.5469156986181043,32.52875102410787,72.49185122478345,1
0.5120331149655494,63.388778987247115,0.47334570630659123,0.6929794947837882,31.675527772503322,66.40333509735422,1
0.6255254299241193,47.12175593972037,0.7379888772556772,0.44677801443431997,35.20760866337001,57.831799104040854,1
0.6056462918485463,53.208970220254486,0.5856317878019137,0.36911179608829964,33.808303543365405,70.7967573067994,1
0.506887968272439,53.476696235620494,0.45737574101263745,0.47994377203016625,30.06133802796838,63.38887579133941,1
0.564554019139674,63.25172014314,0.5755306786876243,0.610441536763269,37.981745677436045,74.44732161050878,1
0.5351649784695424,54.913926388522924,0.49028340225742206,0.35453326516764166,32.96341165274487,63.97570257824784,1
0.4262620027170849,45.49726701713155,0.5590453363029063,0.5594007497735315,32.889610084628565,68.24351325932932,1
0.7074774153998301,68.81902515781684,0.7035713975856697,0.3386970758461812,33.203480714996225,69.68373184233177,1
0.7981449495338252,38.78910825649331,0.4439576942474766,0.36502662953333026,31.764570351747235,73.24011030241942,1
0.6132782226021283,57.792316875836434,0.6129984609021079,0.4453865675495112,37.48450619746993,64.7366532821,1
0.6239668646032855,37.391979687001715,0.5660186442880449,0.5012630313852383,30.68734043868708,62.264050041579814,1
0.46646529053726327,57.34935846219274,0.470007397451349,0.4765911969532397,29.940817244968525,64.12557178045098,1
0.7119778212001526,44.12462003334351,0.641364778908688,0.6976945467968066,33.43354495908486,69.01701322129448,1
0.7656995194086706,60.83646363268003,0.6943974049049527,0.5491494714553077,35.37371101232559,72.61611052011656,1
0.7929360479245822,51.65036107562486,0.5388607146887402,0.37249277118787855,29.652810896961032,66.18443570325006,1
0.6658585848090821,41.901852622633704,0.6330980519955383,0.41049552424169095,36.95268834409461,60.010963007831876,1
0.6225044418489053,58.25615785092898,0.507102236321127,0.3855463304633543,34.45689561431988,74.43482802133529,1
0.7796963215368771,57.941706650287855,0.669376835821877,0.5436268381004025,35.00606961481769,74.894804756649,1
0.5906780513098845,66.64780967924615,0.5857269208736212,0.6962015017375863,34.70026881014697,64.96362743766551,1
0.44412550683667573,48.794545006760906,0.6103881994183171,0.31041855204089874,36.383297420443384,70.27058531281811,1
0.5201561131117777,58.07266774630413,0.6556754340360424,0.5248444130005586,35.164786399095114,70.80427174510166,1
0.7237069348224082,60.361625846837946,0.6870899856646717,0.6507875951843604,34.210634791592135,64.46695704647549,1
0.7875198521722597,66.30713449655006,0.6502255982632,0.4649933485737736,32.05293643758739,59.12309618254177,1
0.6855292003482514,40.7408693976214,0.6917372154450458,0.6109998309731473,28.029913329146712,68.60773310900191,1
0.4737896136677635,52.778470315500755,0.7660303968729152,0.37293522763219333,35.155837958137575,70.32644655724388,1
0.7637251019436553,42.0973065173133,0.6516350328689181,0.6132653120044421,28.497536948587832,72.06280381862811,1
0.5235184326837532,57.265694851578736,0.41365378309656264,0.4458934576415026,29.758447501517875,61.116677154827435,1
0.6837681955201153,54.77798703315885,0.7799006026879991,0.6765418958153292,29.192553960324226,70.20296641118672,1
0.5622996818125903,41.95458720972073,0.6187842265806407,0.5380864034318993,35.399055993217864,70.61615243825281,1
0.6203872928618868,53.726924900924416,0.7120027341363392,0.627175508003039,31.845591829535284,69.34194627433686,1
0.5600180331315618,52.68570891607798,0.6209308658366002,0.5018977453843926,28.938800281856334,62.076533933310046,1
0.7698070998162894,30.64755857260344,0.6136355502599817,0.47358373485411687,34.4528622136306,71.84320003848707,1
0.7609370852965293,44.689993695488305,0.5245310483877682,0.479581314870537,32.052617372953875,64.89634197346923,1
0.7547110953950872,46.461479080095756,0.6144043548481453,0.678038151656069,30.72168354111179,74.38787720179802,1
0.5849953316146544,64.050555460552,0.7699437947196105,0.3649493203273197,30.253310611192365,60.418726859653994,1
0.6792404923332558,47.048785220569314,0.72667069019442,0.43999184331037366,30.992254606190727,69.31844977524194,1
0.6536398116059775,37.151181729869606,0.7922197850449161,0.5165963657525666,30.310972375391447,64.77145654157553,1
0.43362017212249215,39.1078287559256,0.7879172801981078,0.5790559895253108,36.29687357164935,74.69626839224844,1
0.6670418983222726,48.05957967872845,0.6175315708729257,0.4647516104331079,31.255059243606905,62.35750903128242,1
0.7607625536550546,64.67026299739362,0.5385709689979336,0.5381400118618132,31.985604588924392,66.37030359366474,1
0.5247729167789632,54.43180360673473,0.44115441921115256,0.5078577555031639,31.37313128525047,74.86018501034599,1
0.6516902255185968,55.547310418866545,0.576996011931583,0.6466809990796535,37.05417290033935,63.37095325122457,1
0.7956160154403936,69.3684912135238,0.5697788516914472,0.6706097441754114,30.783906746836173,72.4801035927292,1
0.7819585777218393,45.808356891360276,0.7547037822889019,0.31786780747506077,36.8262690278545,64.35655485831101,1
0.4963382484157023,32.52897707670106,0.703192602868758,0.5755319428970003,34.43980514924123,57.5054236884724,1
0.5430849961577027,30.580132922092936,0.5326598647466226,0.6204317425720042,28.394163593745787,58.8545253407501,1
0.5616934026068648,37.69572569419354,0.6868606351401183,0.4011557517710601,33.83417817648164,61.07789460972788,1
0.5498454642420473,61.29053356169376,0.5750433540599377,0.5684141129998352,28.520886737421872,66.90814610308172,1
0.644150660478613,45.92558023172232,0.455798119756285,0.622658581630616,35.179094277899985,67.99818103729318,1
0.5007154695499481,67.39490264545806,0.7008526764649171,0.5433326190088265,29.439982998936255,60.0541225501651,1
0.5355368526003838,35.95515264352801,0.7150571156681169,0.6143284481423679,29.98435541341402,72.02422137431483,1
0.5453278336209324,57.14191863911037,0.6299539463365567,0.6775412592977865,33.072280082802294,74.93195067521775,1
0.6310954785419277,65.38538377736204,0.5509081304794905,0.6196425017190502,34.039791810871705,70.16628376282041,1
0.6997893079375883,64.50734948554941,0.7035814961567846,0.3634064267066039,31.54821446823685,65.88667902939542,1
0.5479672241988989,64.63543928765384,0.5003249925639793,0.323788964563466,36.18037423380349,64.44386117943444,1
0.513727311493828,64.9203962730161,0.6459933986334937,0.30837334322328286,36.671966351750505,74.48595263768046,1
0.7970542673343599,57.663214456510005,0.4528411311703398,0.4342856901687402,33.688016407433004,63.149687846145746,1
0.5963896062863309,66.50051121127626,0.7155583335306417,0.4104523244690559,30.922493241278502,72.22189843547736,1
0.786886846795743,67.64509329539639,0.6104875656876716,0.6738959476143991,31.160648457315073,68.96056247668785,1
0.5380619845042608,39.60685362103678,0.7629870081587968,0.57963070998825,37.008984443855645,67.17519080106842,1
0.6002836290351153,39.01571171120867,0.6083398870266009,0.42251797821139786,30.731760301203504,56.77216078052892,1
0.7238403977228111,64.41123248621611,0.4898717939597181,0.3813812413161168,33.35043180251242,74.67379841650715,1
0.7016639135310806,39.605210146318505,0.6327030118849853,0.33318376587847004,34.04445767163907,56.24486115711825,1
0.5128426323443938,61.71404057648082,0.5857015478547397,0.5046798759052817,28.647578050807297,59.37798533622688,1
0.739595856336885,33.81100475435836,0.7463950294419014,0.662682139879652,32.093614247332994,67.50102021334733,1
0.6074939933336232,34.230393094553484,0.5455560461926029,0.6256344585943387,29.810226716256228,59.56629102944428,1
0.4211001186979399,36.59305061639375,0.71675657431952,0.41771959761893185,34.900471465024395,57.37200374466472,1
0.7173982514679704,52.28156774646144,0.7742390699412137,0.5876828178799511,33.2913443424932,64.09767838023619,1
0.42297643643933946,43.77717540774641,0.4106565857946428,0.41329263611266936,31.253623334132794,60.728435255187684,1
0.7182386991226777,62.018079301896385,0.6571471733066234,0.37643766126309997,29.465961394997265,56.634478612553444,1
0.4548489118855874,34.90114156023565,0.4282159601988041,0.3656235037638928,35.06694695560063,65.36477474945494,1
0.6312552490214959,67.5627716342529,0.4493784578843921,0.6657326378011217,28.351837290792307,72.35236765204533,1
0.650498252743101,38.92467996479836,0.507974518203262,0.5426614745327974,29.819564941526192,58.81528153999264,1
0.612190883925539,59.127981315646274,0.48240899590380265,0.3332588705324707,29.878124483211312,56.235500530241154,1
0.5731084989588495,47.06013358148235,0.6997900408896818,0.32092198736777033,29.939834832129154,64.63797168895776,1
0.6796178368823764,66.9329299143573,0.7290051565626916,0.6071024255107724,36.92201757363014,55.05318160000637,1
0.5904715449608654,38.50776276318292,0.7925585246068176,0.507575418848614,29.119926397136204,56.148235682138285,1
0.7188515388498485,43.46620640061,0.6594493258128018,0.4017151168860191,37.9427782288129,73.47714416486464,1
0.7658243961535287,58.33955123317289,0.6168418819290327,0.5066264359633972,35.35857236745748,69.10245795501166,1
0.6624194261958307,41.419411061760755,0.6062045517900114,0.3759000037686024,34.884956702844846,73.60180895159431,1
0.6463479814244163,42.51299260502821,0.6305026905150615,0.6363078013580657,35.722991587666904,60.23324270446922,1
0.4230368564299964,52.61600864274279,0.4826207055300149,0.6925801584528584,29.495217659170354,71.1396639815514,1
0.6084677170444207,57.05145174241929,0.47178137137778203,0.33665772779175757,34.801468176696844,71.9783624330534,1
0.4900194769352728,46.49918609328361,0.6406615538776408,0.42503563505083375,36.63595803563678,61.83323223043366,1
0.5520799501069094,37.02883306113945,0.43092259820475953,0.3544640193435974,31.008805151526495,70.64097563974417,1
0.6896525268782868,49.90567233479713,0.5082980983104514,0.6224991783492315,30.675655362468458,66.61710829957133,1
0.4916245252524092,61.46940342924553,0.4860976601604228,0.3041390622006391,28.96845130347194,70.81888025473332,1
0.6892493728925918,55.78009360425454,0.6128987211769494,0.6366904795116445,32.93673511225804,59.45344562282155,1
0.7200439505912952,50.90572138919232,0.7434319518556124,0.3289102306032646,36.918060465991516,56.35678139078597,1
0.4120444789161441,39.11617662745287,0.5404701336880925,0.3058727937326392,35.232039115873356,55.11382591287857,1
0.48383261987924614,31.61784358106447,0.7354326804036103,0.6663810950483264,35.00585445386893,70.41030850305806,1
0.6677559697686117,67.68122345541553,0.5580543217516769,0.5762257010021938,30.42382553561602,62.33047136261978,1
0.7829323794215239,41.074457163823574,0.744105171304207,0.35553360131677125,32.74370161483428,66.74622503541624,1
0.44196308747411134,51.40042930573882,0.46139330176124604,0.5944239838849368,35.33417076434855,72.23886662340915,1
0.43601099145221456,43.91124332002703,0.6767566512108788,0.6490841842607847,31.292753379697764,57.19238205212501,1
0.7784353652184243,60.027523159231286,0.7974029813587248,0.37299927621929796,29.457458968461687,71.30672220871115,1
0.7796319081587584,44.16618350894855,0.785710392343492,0.6309684652939205,30.532155021236903,74.33579287183156,1
0.6909169143989384,51.667507771999006,0.6404140945274741,0.30265154388314325,29.08621223290261,66.28716794912062,1
0.5803813501455687,43.49494605530958,0.47123887984647295,0.6577221690332984,30.44861163123307,59.2424349792109,1
0.42154410839192336,34.41449351516644,0.572252183200498,0.31985513715463615,37.965862542488416,65.49599743556685,1
0.5842379353628472,46.841239600493694,0.4601771725003522,0.5579391523993337,30.913781850020648,55.03596561911361,1
0.6302960976795408,55.20916418912177,0.4544634547898181,0.5146930281853546,28.275283451372932,60.62469989418418,1
0.4654773416821996,49.13991631653616,0.7763181971151836,0.47562895247621034,32.10820987613089,74.02288922383826,1
0.5823317862883378,38.64143149241975,0.6950985024768767,0.3277454723239781,31.193704099177957,56.87106196841745,1
0.6833156696875823,37.55261971871455,0.7999085905456572,0.44206934569984346,30.134392284553023,57.488166077535794,1
0.46305438914068514,58.89165699429573,0.5791477717412804,0.3699233425042158,30.832599760623342,67.73049618659411,1
0.7359730786706615,45.38694414602393,0.4202513467475031,0.35756367137725675,37.5508716578502,56.07629144196769,1
0.6381895118318425,63.71445821604465,0.5526496979353717,0.6053913365842337,33.664023663564954,55.32536595765944,1
0.6773243859113708,62.336043908760345,0.5132862715933325,0.49232479758610653,29.226217273332544,59.72579173522915,1
0.750451670432156,67.1907520161059,0.4395597844395611,0.5514425447882317,28.518057521584645,71.51700856677472,1
0.4721923873826177,39.47791361146227,0.5539304832519721,0.42346353632010036,28.641411205401067,60.97509331761481,1
0.6946854346816844,45.21303887105341,0.647709899238752,0.6798799731391615,32.47104288522456,61.59885392069738,1
0.4824406061086499,52.56265668695593,0.6059241311783117,0.4312388163455827,28.893815516345025,63.688349646855194,1
0.4247390903952712,51.66121000928696,0.4014792702562737,0.6312386163931825,37.36156831066273,67.62669024643307,1
0.7723246534231732,37.8934044372027,0.7305358943325945,0.5553722524912772,28.024712330977586,56.739433017597854,1
0.782138090963354,63.321794363857094,0.7884981939886375,0.5478008955872683,35.05482415691093,67.51929515208631,1
0.7325657352980418,52.41712176763911,0.6886426534832675,0.5147851010317904,28.320569151693775,67.80530794683034,1
0.4366367122734198,38.02749328558385,0.7381724864824337,0.5446987863953049,33.278974148350144,56.5360555946073,1
0.7010361809489862,58.663334620072085,0.6954448740686485,0.4970506154480019,35.41264469882084,61.387469992306755,1
0.6634835019616868,42.20106679983751,0.5831726818630388,0.6777790950357385,37.4723066402231,58.41668511980966,1
0.7370999157617136,32.38085165569912,0.7615372835062755,0.44920600123061777,28.62361644896974,68.93888376752368,1
0.43974813366329646,47.14206634805768,0.4916589491678229,0.6399391541106689,34.43663223330544,74.39704979318869,1
0.743259236759057,55.26432719385882,0.4162885323092029,0.3217257479660861,33.178104705579706,63.75590833997697,1
0.7203209388842724,57.84411740854728,0.7655260492176268,0.3658878565453486,34.416571956670516,74.4343592446349,1
0.6599051934186144,44.55931355727836,0.5954304653032828,0.5949879967614596,33.942292372049,68.85515854252134,1
0.5370528225415088,57.74638967072427,0.6455255558362033,0.40044916915901774,31.366723375208142,56.1806851368428,1
0.4512618553465317,45.17443556096525,0.7871229365684348,0.5249842782895359,34.8571199949142,59.54472706280304,1
0.48338605140457763,66.8111003689467,0.6822857156540645,0.5568666342490023,34.89060885925026,73.33423641949028,1
0.6851826334433178,34.98234231514751,0.7155158376677112,0.5036123539615959,35.06497558839094,66.52439128448681,1
0.7760182439140094,59.82424804804828,0.6817356586369285,0.35173195117165157,36.08427713079434,56.05219786925995,1
0.6880583830647116,33.66712113600891,0.7143674245348598,0.636204315037583,31.515651677244986,66.08715637720906,1
0.6341781062405296,58.973658076840756,0.6903627254741229,0.31729010108670475,30.344434259965176,57.7624012698126,1
0.6975357686177845,64.60610700377399,0.6147585468172896,0.3572536688246069,28.5109393151159,64.6605775726344,1
0.5349102779890387,63.732580330985876,0.5797973645255605,0.6755562316913377,30.482527667146385,59.41423844097144,1
0.6380275562179057,38.9712411437243,0.7497708210959214,0.56845056648715,36.75483070921684,56.545128406061494,1
0.4519035198460151,47.30065446654392,0.5469362352060715,0.36134920545033494,34.461875323998704,59.2244327555322,1
0.6572724894379076,45.08277588815484,0.7731405396628275,0.5657880146576617,28.432746313878425,73.69154230794017,1
0.6714310254756211,40.56422585242403,0.6520527645690081,0.5600463706037345,32.977444114883106,74.20887159929715,1
0.6875538024144323,43.83611036857624,0.5429869494917571,0.3624769218211729,35.821623251385994,61.004048033351495,1
0.5417766508793429,54.9130376608103,0.6352934739797022,0.678291900655863,36.03466448229525,57.347540639025894,1
0.6673346881057602,63.749192465549214,0.7348324437227818,0.5057728540153185,31.0109783117644,68.73755707265052,1
0.4310113528087278,44.03406019196444,0.4279493490322439,0.5435559481232689,36.58520016814455,63.37978257683262,1
0.5455195249053629,44.80874467111365,0.44922779183401546,0.45113379790939107,34.006223610313626,67.68329721155943,1
0.7639377550663309,57.31321769505562,0.41656802671025384,0.6699792367906965,28.48963547161411,56.48057572265701,1
0.6443611968058751,34.33091575729889,0.7828164838971164,0.619326706324333,36.60702081094554,58.44128930634519,1
0.4184332158717621,64.51230086692597,0.4192698921075005,0.6328082685688009,28.85870597444405,68.94148626513035,1
0.7842033497160549,64.46121157077971,0.4281036652485746,0.5384857808325257,34.94162162687052,56.65990262153473,1
0.6657494653722955,30.54062019441546,0.5785824217753456,0.6491234237965496,34.41603874379164,63.72084070323291,1
0.6020719937193985,59.96572868716983,0.7309914875235446,0.5457782823082703,29.39605752341874,63.75197326189577,1
0.48079383935151254,65.80661185754576,0.5308358095537655,0.46413190112015656,32.58965080015213,67.30595245397845,1
0.7653145865542794,60.03231870952219,0.6818149522298174,0.5865382032355494,29.714765799650273,59.99526097226758,1
0.5770894205458365,43.95703334161357,0.44073706162031534,0.47095885730033404,28.578053916742395,72.24203167707255,1
0.6482632636540938,61.72012189736199,0.5754738101024253,0.5071308436053265,36.76414196684115,67.83151543049868,1
0.4842037158658562,67.1368785203816,0.4320683179018788,0.5130072338112965,28.875394355042392,63.18146345985918,1
0.4360578978069545,62.26947944438458,0.46262209951553085,0.613654743602103,31.414839520339456,71.91766795185201,1
0.5666294849429682,62.526497087772285,0.5448352235412901,0.6402254625056608,29.936467034349707,70.17733684824258,1
0.7450773607774479,67.46792805676036,0.43387766209724243,0.6192712907555703,33.67853168599779,63.277599799504884,1
0.6819318379909115,56.13282513418455,0.6584736628044966,0.43710122643175464,28.80789320797136,67.2436777547626,1
0.44880368941553395,63.679013059472375,0.7966597693551511,0.5814383846690827,35.60555984807782,61.83826235698818,1
0.6477763090669801,65.60921425839484,0.4619371825163474,0.5786386565395818,29.36234646632653,68.41675797952104,1
0.6737597927081778,47.9717797425951,0.5956575357108043,0.60401266902957,30.275145797598473,59.71206467031174,1
0.6152642713665728,48.949093395744484,0.4005447990615012,0.42374778241049454,28.290578198336895,64.88178714765404,1
0.6088389697770891,51.71426752422163,0.686315513067195,0.6683224959558836,33.71189996969246,73.00861436144424,1
0.5035693882604825,42.30174065460234,0.5672318327180544,0.45022634492550523,37.73446119932564,74.74855683869797,1
0.42150912496272375,42.97927813494722,0.4237712712443983,0.3980181012077175,37.61177260891724,61.26453427298314,1
0.45022645768132574,47.923250074360006,0.7536475205439662,0.6721352207390628,35.97988806695319,74.30160298567374,1
0.549969409619275,47.128091838308976,0.6215025092090876,0.5003382401633868,34.46521724523418,62.36554887725476,1
0.6097949108067547,63.63675323678124,0.7541455842283481,0.5119087283303619,35.92815265044161,59.24938788294764,1
0.5985149256683592,53.79994472200208,0.7645272456056582,0.43882277272416753,30.49140172182937,64.77579675504899,1
0.6842966114394972,64.32191226190086,0.41995805194740854,0.5708028418941604,31.42861865955141,63.70934385132629,1
0.700223709846471,43.9254086921883,0.6406266526800511,0.451529491055475,35.56758185712294,62.20204572593389,1
0.5004759799049592,39.332528801675764,0.5326621271054627,0.45760504021016396,30.41115344536122,65.27665957902494,1
0.44932045057039693,43.560472511038554,0.7923929557623758,0.5910916110724875,29.969192158529466,74.7893434797891,1
0.48636910819020995,36.28623033682136,0.7745818428014433,0.41810789357446243,29.17297821472774,59.02863083165843,1
0.6221596285359621,54.24168090014391,0.6983003140521784,0.6434277767289677,35.58178243785851,59.454834977077695,1
0.688731010365298,45.40534370550725,0.5631801541621847,0.4451851210204483,36.73608801781488,66.49068007770249,1
0.7254650363473175,43.53789766707268,0.5730663944838932,0.3789789356732975,30.669685291609635,63.03429648638827,1
0.6164971572815595,37.19527418467085,0.6391578643256016,0.4031708224577021,28.92605326597293,64.6099670235944,1
0.7696242299707526,37.3727517819307,0.6170027774723816,0.3112975814336317,37.38411220065627,70.16325212699547,1
0.5980389462339688,66.48177190801385,0.44624683595707676,0.4539637921065385,35.031381635395455,55.183862699728664,1
0.4840298355978715,59.26037974207202,0.4082040344661553,0.3192498183517713,34.893826915352065,67.33812119557932,1
0.6211801959985721,67.98931611605629,0.49856977190843527,0.3075118748167005,30.600911409604866,68.25342370027279,1
0.6011437505740309,55.17504435959244,0.6561062824357249,0.689699295900862,34.29869209482184,63.022599209812526,1
0.6106186354979879,42.68265073106597,0.6691254319340094,0.663501329741656,29.85349616897883,67.96759406372796,1
0.6684400470892293,35.798563909662484,0.6555495620992529,0.6669585614639361,37.75098416075703,69.30970718099212,1
0.6605720919269966,41.154968460587654,0.4845655639630068,0.6904665707669553,34.19886882166994,60.93925596421761,1
0.78739358014162,47.56746804939112,0.7936320558973792,0.6207311528145659,29.027317450780075,74.51982819534646,1
0.47764071005755976,54.1067746677972,0.7574318545157535,0.5085579156342074,36.80102353855639,67.41579434283588,1
0.6359884123260744,62.37104131401602,0.6054465696752678,0.670045228716375,29.444250068898153,66.63881401106303,1
0.4188619847391115,63.37179774729808,0.4926043011975101,0.40152615520303364,33.70474185236921,69.39104597358138,1
0.7726969963745305,66.01774481490898,0.6344860814880745,0.4343863457997632,31.586739055472584,68.22686210217545,1
0.6978601513682174,35.94401162116342,0.4113119847809689,0.5803836461930125,28.906079422480584,68.39329780661579,1
0.46902240238429643,33.62960662765729,0.7642193324221637,0.6550475534637241,32.92500403645996,71.7255099929788,1
0.7599393419047423,30.710782798826457,0.5613431580517824,0.6728909003253463,36.97505696216538,61.18179937653645,1
0.6797697402832885,61.340159444530876,0.5989835924014287,0.48719946741049847,32.18547779289327,63.60366528355699,1
0.7504043197051868,35.54566181371234,0.5363154295581843,0.5104981815933703,36.15942596362972,63.604739162809565,1
0.5606704997793668,44.36679457550853,0.4119052714648467,0.5528199816570846,32.787466875782656,68.07438652056007,1
0.6425506705355322,66.7708760056605,0.697711666528904,0.47930950495671526,31.60938495088078,59.28340608065654,1
0.47312321965840093,42.6382326764243,0.6359791336301823,0.4324690852019539,30.642237983843295,57.57232392005662,1
0.5958587619201744,56.64602251063993,0.561814269600742,0.32093479741265535,32.47628361301096,61.750025509258556,1
0.6238969927622997,55.86023061265233,0.5343374033312315,0.34233416368215625,34.14876975538557,62.86564968094189,1
0.5841619692263652,53.61464689635808,0.5706116884513425,0.6915508889582896,34.150305587927996,63.10953753355601,1
0.6128401773329788,64.39616876159666,0.5137224852056314,0.3918003729043254,29.46034528053509,58.88157709097543,1
0.4664033431217322,40.57090408376805,0.630049301985042,0.5048818983380833,37.01015487713998,62.31641439462563,1
0.5149014327603941,41.379383994216084,0.6859941331238824,0.4473592204905519,29.406896703642502,62.96366680026132,1
0.6928200798243602,46.35554165453185,0.6987992487888728,0.6122190905405789,30.844009151597778,70.38127125822808,1
0.789451430719767,35.81677887831765,0.5263112467044853,0.39697927705692615,29.222917938676996,69.96581177423455,1
0.5681856554674986,63.9068114186223,0.7204134258008276,0.4469045532564651,36.20653973965231,73.02549437995788,1
0.6308497948349544,61.82870203101567,0.4200872171488522,0.6512654515751336,31.592952848129503,64.45146070023779,1
0.47710047808671785,63.40932808140128,0.7398730963201954,0.43022798268542073,34.95200456879907,64.53445263460573,1
0.7996219769817914,41.7277084932864,0.7455281206942406,0.6431231295817392,33.03231864986119,55.01456024425021,1
0.4441585635015194,60.013994718839996,0.519893284220464,0.5401331903167487,36.06089468564373,59.569660216820076,1
0.6603911963876371,43.97673309731904,0.727422420137349,0.30798573885508584,28.33442997643735,57.690850284317264,1
0.7096763630122735,38.53565195820464,0.7415453224605268,0.4818607992760451,37.731419923403486,63.77322982171233,1
0.5269604545327164,34.837158525718685,0.41039135429876206,0.3551744476470713,34.52566300895195,62.40496476018871,1
0.5866638059848553,34.42869368456823,0.7496225725719177,0.5616285107337982,28.166390079827043,64.61478121535323,1
0.7678978337385057,68.98125343205997,0.5757248939758407,0.6877245170777256,31.965273677571794,67.05682033942314,1
0.736747650588002,41.30652589362443,0.4779834642133318,0.6499716414736959,34.158428486403416,66.61036303148238,1
0.4381634547079248,67.59599506712048,0.43180194552115647,0.46300209935554165,31.58209906909421,69.58283534228099,1
0.6941879904362664,48.85331053727203,0.48834271721818046,0.4487616710551674,32.99661699002844,59.31383409482744,1
0.4420902032089172,62.40288407132657,0.6273760469710898,0.4433866847212986,37.977026466179,56.644829381329984,1
0.7108797268780321,57.395653668944114,0.752477418695155,0.4062576280630386,33.69353803811421,71.70234885145713,1
0.5696919408743559,69.10099167954904,0.5065216190395717,0.4537590022945081,33.59193046267965,68.48958829095051,1
0.44231572054254265,64.44786415454043,0.49327147827469897,0.3428485665914442,33.76704844453111,61.438376338172596,1
0.5834476581909794,57.12874880918314,0.6899361258584369,0.6372735559367494,35.38125115843206,65.68957117098084,1
0.5558302276913704,41.24161670125075,0.5327986616429606,0.6363485514043637,28.190240621421164,74.09637841227536,1
0.4448298811038925,32.56996631930597,0.5752760526474257,0.5491920745541219,28.217618770755752,66.1785244949752,1
0.6776746096079984,58.01072908942557,0.5964524840811025,0.4539858145464353,35.042069090360854,59.721781826093554,1
0.6282376150311139,47.62499218438685,0.4393699396774482,0.6656704757184407,37.857242648638284,58.958889267741746,1
0.6342558667741196,38.7668239135493,0.44771486710956887,0.5992801204377013,29.445677505778665,56.57081750800888,1
0.7849252694473708,51.56187386250324,0.4411405682521712,0.6784109946998946,35.47880853596758,68.29505836384469,1
0.47515529698548087,62.248547393648266,0.5460886015481078,0.3573045557122683,34.26985607358446,65.48107816095742,1
0.6564558578275502,57.86118139913677,0.5365776616963013,0.46440745720800874,36.151369913786574,63.044419461984404,1
0.6535800555560045,33.0737323925625,0.43000472353292724,0.5238478711204299,32.927736010844015,71.31429949452789,1
0.6210366911726811,45.83532211061697,0.6257548313999055,0.41654616158064495,36.05113352180851,63.5372365271995,1
0.4151518814568058,45.715386545980266,0.42325266695800945,0.3972481160578041,35.97273568305318,69.76554840328238,1
0.5819521799718134,45.07924948505631,0.4450367145042836,0.632109144966339,37.13903893550012,69.57776062406862,1
0.6777189922440101,60.45319271493872,0.7612701176309132,0.46651386661236716,29.918620394593535,63.40826563787353,1
0.6184579107490511,64.56555899663266,0.4211129288980943,0.4094637046025728,30.66123186558157,68.26585443639885,1
0.4778051641862867,50.92937498317963,0.6232577473833009,0.4843018796849938,32.63635222538753,57.993821646797386,1
0.7840176089961539,37.380700523772944,0.5605774846055566,0.6845128984632605,30.487657733446586,70.3518054252322,1
0.603846300929543,65.35205791615404,0.7593168134097482,0.5650304729117908,33.92495744969324,56.29139719562656,1
0.48681500628725677,36.76564175197147,0.5223267877989112,0.4050468222336154,34.2684066159169,74.95945921041434,1
0.4947270912113156,55.95106304248219,0.5767100448424839,0.5986033810422227,32.50217710521046,69.3671684366079,1
0.8477213525526325,70.7399542547959,0.8160250708735998,0.8300232034759099,35.52794081962717,92.17551724600928,1
0.7484634585556397,66.26109788208457,0.8460031430481302,0.8911590676757503,39.65458602161479,94.58075271526226,1
0.7755781181393709,86.67252126986952,0.9529555234786776,0.9359784962619827,42.92695120090993,88.14289445017425,1
0.8191253910280427,76.24569363984509,0.7175585231712679,0.8238924368537842,38.02581685667705,90.67833141807587,1
0.8713219052536278,68.26159330306952,0.9125395245650588,0.8639827267453715,43.713699137708225,76.58274912899132,1
0.8562301356432046,84.90852540908564,0.9302629040296153,0.760344529147021,39.171906227622344,82.04565055022405,1
0.7488459676572048,61.00009532863518,0.9027750060514648,0.8427357007007948,35.3166312423026,73.25345383245934,1
0.7598587549640525,63.50656492206033,0.9293108580965855,0.8088458193861249,41.558391101903325,86.95425149928084,1
0.8923746806748618,62.12972618210998,0.778531051229842,0.7412529455811883,42.52670715784729,84.32507475265622,1
0.8191949653893738,82.9339314084013,0.7744267874712368,0.9545740063168916,42.39207768908061,92.05682737488009,1
0.8035102008935947,66.80400696314605,0.839988358928056,0.858469039694348,39.16996180745647,79.56972112625623,1
0.8011938698297002,72.86719460668655,0.7838634370927584,0.9209983156034351,41.43399814109761,84.83936327981347,1
0.7331301886308509,88.63468477783226,0.9178478844799652,0.8091491877187647,38.33974891133117,75.85531671727921,1
0.9969620452636686,87.020579605995,0.8345041649028707,0.8421858365987814,39.71391968282049,70.70265375937049,1
0.8781492570866035,88.33002629161398,0.7422118177059933,0.7687965460538927,42.02323074598409,77.1308664326842,1
0.7660520677391242,87.37666992418897,0.7873422367268488,0.947853269464981,44.99494558691423,70.5516370829544,1
0.9796795382695209,82.33219980441109,0.9397548140427333,0.9041890492796409,41.26766221351415,84.27100920461591,1
0.8784328388016985,76.97113179927099,0.760879720165551,0.9269037021134863,37.961233117261315,89.75427120132676,1
0.8893344484931442,80.22770679967213,0.7349608146787184,0.7729200884517855,43.11105133395912,76.30530599220533,1
0.7193718481051418,71.08141065725411,0.8340322708428495,0.9113742141158898,36.22419192767485,73.57197845908891,1
0.8330996011577285,73.90532411821582,0.9260904311794822,0.7123151578781823,41.38516629420807,85.1723697361999,1
0.7191846323202613,65.30109916974094,0.9222765569053785,0.8277732175490744,37.350871217901485,75.93516781397375,1
0.8906945010179834,81.75390091538263,0.7086580121959978,0.9737914537506249,36.03342850079618,78.89016930747039,1
0.8229385448867702,89.34180903034608,0.9833523550833815,0.9842200633082242,36.918718287024106,76.38017457171306,1
0.7631015769344738,60.90870494337415,0.9734966655935589,0.9463158612337957,40.41992469051939,80.17899684947015,1
0.7413456992905777,73.58738451981027,0.9808661232634385,0.862134065017298,35.67450458858571,75.06660030316911,1
0.7153267439475649,88.82486843943252,0.9020039157926925,0.8077931625760261,43.87921351371224,86.13999055300188,1
0.8568933125910402,89.44179573477156,0.953082224192407,0.7105278339070207,37.667841423233554,79.01663298329754,1
0.9932088996904345,60.639899412241824,0.9225794880664822,0.9195770336506439,43.25859870427599,81.003510162181,1
0.8909370748106353,89.99036931714893,0.9920250905910966,0.8182342036839569,36.31305549069934,85.57961361537575,1
0.9835373235296678,83.88455745846314,0.9422899346508592,0.7588580005276057,38.72125638315232,72.67114024187644,1
0.9443780193537594,60.44515344497337,0.93199000382951,0.8534930289569005,42.040566024477094,79.19363935875782,1
0.8696073943056155,61.05472878406489,0.742810127479036,0.7109364403490586,37.48664489995436,80.28820916611735,1
0.8078478499544502,82.91161802823976,0.7260062043988407,0.9936880502580028,39.806656460465675,72.89072276755248,1
0.7632200081422914,86.17636470189167,0.9331064562926576,0.9262790440847427,39.872714269218555,77.28322505089245,1
0.9167672764087094,65.50049913954561,0.7356761695182865,0.9637165880906433,36.40951410379212,87.60944986627273,1
0.9183949864663239,72.87875779660799,0.9260397248459392,0.832524103158481,43.50285014322638,87.35953144404618,1
0.9686073853702734,78.42408003969021,0.8927709751563797,0.9263059942892946,39.936168979913525,84.1448389331273,1
0.9794801532738706,65.37548680889246,0.9762320422997166,0.9056909689634397,35.519218536039425,84.66995160156708,1
0.8671072286012497,76.67811090551106,0.9134627852937862,0.8298585196163525,38.058264865929885,72.33109818320791,1
0.7061567696350335,61.167177907435686,0.8217624957860618,0.838001328017486,39.72566864063215,92.3936125065188,1
0.7204927018622702,70.86446832683717,0.7209348359204337,0.9577418440601968,40.806905327851595,90.04806510633959,1
0.8889854589047733,63.317491450525466,0.9360189746042654,0.9918230220686699,44.57379456998078,78.46718009669985,1
0.7118787434903694,61.02934374897868,0.9849823110530314,0.8997152762480758,42.31200781544306,94.28638465514582,1
0.9396593114244814,65.35725458733441,0.794068788352264,0.8734052278352482,39.28228176272566,87.12327942628367,1
0.9909061447083082,73.41683238309491,0.7962236668657634,0.8825730938808221,43.19481699356392,74.29878742156234,1
0.7350615939269871,85.1666855786723,0.8002067999369512,0.832922913875196,41.510770165930175,92.94935851419869,1
0.9563350191295695,76.06195438465053,0.9815463871119221,0.7833241132570229,35.82273681285351,80.38033407905175,1
0.9162803538994384,88.46367051165463,0.7481675122386786,0.9980340813951412,41.51026577230864,83.91599448635769,1
0.8776764021037202,77.12908777467399,0.8467696901732413,0.7907779086799781,38.432846462311886,71.2796296983208,1
0.7470430384619405,86.53164527017637,0.7040378651553958,0.9332330444204877,40.49057121221019,81.03674228732655,1
0.9842833026874694,85.32234675578557,0.9413983207075712,0.7448088293216999,35.983705125787026,88.71537590867779,1
0.7433152045499167,87.5889682446942,0.9606762595927849,0.9401587590544132,40.7782233145333,83.03822410294089,1
0.8444512094722791,79.85320875156101,0.7973988144591274,0.8271649239100288,43.00948199886553,90.38661021088828,1
0.8841440661221378,69.90900868582976,0.7651452757728775,0.9705031666685237,42.31943454482139,92.46484028277166,1
0.8004357455284438,72.69270164856138,0.7334763756251341,0.962127743223206,40.60135082212913,79.37462810921944,1
0.9112162089232059,74.95503155929634,0.8917808602682052,0.8963467186221566,39.38770637831585,74.04025601236216,1
0.9825423044408328,63.49465882953844,0.7996296785172987,0.8698858785614062,37.944305478781395,87.25658576783445,1
0.8643874186429463,86.71186256687518,0.8217285677875015,0.9630324690986622,39.143777584631714,94.14466608825003,1
0.9673895830334319,81.03750184718898,0.8871625119369004,0.739022899874959,42.96847266708389,81.64763787629919,1
0.9338507449357928,82.3316250324116,0.712121845814358,0.8206498962473999,36.99456361215367,87.14145115294923,1
0.7324296587429872,76.17696745212793,0.8603923919504994,0.9758873296976884,43.201697588604915,91.27148586055502,1
0.8005156281685178,77.32866786561704,0.7186835624346612,0.9820844850805771,36.947263674449005,72.37343379335424,1
0.9567990818937915,81.09692669910973,0.7442957953800919,0.8145579798442814,37.448076825416344,76.4286691111525,1
0.7516599107992148,77.42356281255314,0.8859700475025396,0.8373663120681798,43.534329804614295,70.95475285170788,1
0.7615779915995857,63.30925216461253,0.8381048013143593,0.7554792395784854,40.82647100008935,74.5171594197627,1
0.7961551483323375,63.26958143488026,0.7026110100529972,0.98042646502023,36.92592616246738,92.88591529508216,1
0.8117881612218815,61.826878730158384,0.8293715357908213,0.7325092481196552,42.55854589802021,93.80627043258549,1
0.8622720186870686,78.14498498546365,0.8460063033103582,0.7112690711442545,40.78917218515434,94.56204793486289,1
0.8510009779972474,67.35321229441705,0.9226000378737156,0.8178401815185365,36.275645201407016,88.77687013038573,1
0.9263255908327162,65.57986044342816,0.7026799965193726,0.9665642482669934,42.45470566889609,79.77204975701508,1
0.8288670943441995,87.53299899265167,0.9125593892901688,0.9433718633607562,36.25360367546685,93.96523842136159,1
0.8397620607723014,79.03521756170863,0.8392215414001537,0.9189916611029463,44.65837827512739,70.48223863120401,1
0.8945700037573295,77.95333080681104,0.79173753866494,0.7798763300202914,38.96601418055783,92.72431223751742,1
0.9584132024198032,77.52065002894287,0.7446918684128201,0.9372328775841289,44.8657814908414,77.79013652267992,1
0.7678605377385742,61.725651558071455,0.889538399365569,0.7330913598299138,42.33764957249472,82.90986402342418,1
0.9328446597559549,69.78143978531403,0.882624006331396,0.826528539433615,39.09471243303707,72.32169021001219,1
0.72143785546918,60.85298288011676,0.702310030033535,0.9778722254185573,42.03594869868361,73.31758031247675,1
0.8857263092907123,72.7546816152217,0.8311869503979119,0.9466081251595149,36.105253849344166,76.71858305345917,1
0.8791892845602287,61.088512290099956,0.7113201188200117,0.8872286200226202,43.92135189438248,81.80055480783574,1
0.8888126654777426,77.06893739461735,0.8193668343009847,0.8179329156272135,40.932635685602946,73.67908123415326,1
0.954954337970776,84.50763474433599,0.7041346474270522,0.8675046112863313,44.128691561808054,88.91468449619035,1
0.9064858321360661,85.08830072624686,0.9850349679589192,0.9584876279255066,41.54908836192428,87.73729944118531,1
0.8751953344848584,76.30576165461018,0.8619033265646546,0.7745406454255073,44.88031827198579,90.8298896464538,1
0.8781013816550668,74.92088639038273,0.9743418574796063,0.9995076809598773,40.195972761452666,79.68909115618625,1
0.7776891291064824,76.28063135364724,0.9259091167812544,0.8833260237075671,41.165685617575726,90.87228480147478,1
0.9815361912999456,83.15248698883245,0.9957662375677859,0.984377794063942,39.866688831766034,70.78724364850606,1
0.7792830995151361,64.94944398726795,0.7625201313649079,0.8171793726029114,41.432713357294375,78.85939197399158,1
0.846365182775548,63.96950595344658,0.8601396977068699,0.7225672489187785,43.22799417452702,72.41536573955169,1
0.7358153313000151,67.37342328089893,0.8912509630605742,0.9440367120720238,43.82396360908989,80.97923464210432,1
0.9457622997508712,63.94570685009688,0.7398075036937285,0.8686984483889827,37.97105247235725,71.74842338238663,1
0.7614047811817718,87.12668773498731,0.9136778210818459,0.8261853876609772,37.2064419114806,84.95999851911606,1
0.9616248505712425,86.16028457651586,0.9766387072894918,0.7840591338308373,44.26339464031959,94.3234198533375,1
0.7266912098906827,79.16184008345695,0.8989112026270878,0.8558529499423508,38.915783142573076,80.13523822514537,1
0.8222849071471062,89.44397154131191,0.9295620471326093,0.7375203966644504,35.982629478253294,82.4366745263526,1
0.8099896461575166,81.22544169796834,0.9011733849430673,0.8130687336408792,44.97875805471716,93.7000469181139,1
0.7542705910964289,81.1782581991202,0.8105356621337746,0.883102995405837,44.86384188852164,85.68911857514448,1
0.851167508486448,64.16078317152002,0.9923915268875572,0.7652623901553848,35.79931494688835,74.82603431030518,1
0.9638303171822329,61.361723879976836,0.7351247333498304,0.822206956647158,43.19330719314769,78.64819439238848,1
0.7321944059538474,68.36599761589503,0.8348019746791177,0.7316131147455688,42.34385670217011,80.8658796989706,1
0.9573924381258094,73.28269267631448,0.9007477407990407,0.947879744647507,42.817191227808244,93.01900146913239,1
0.9807387501548543,67.9974712573755,0.9416445756635635,0.8288751977722869,39.99978761741651,92.16008616943478,1
0.7425994624315652,86.73944837128434,0.7441115400050102,0.9954827381240192,40.425295311816086,75.05189106901419,1
0.8712410452468635,87.50877862153598,0.7678311595412483,0.9072808946345627,43.85345105548667,74.28724459033393,1
0.7318178313887406,67.02666973995566,0.7963831276337032,0.8757080453787316,42.1481760467742,85.96082352465476,1
0.895875057101608,72.50282507345217,0.7501653745286071,0.7901238688289426,39.364489810064185,77.33379943593887,1
0.913629237761474,63.130611236475026,0.7055543099480112,0.898475782139993,35.37251899184313,81.08010918601596,1
0.7214367627926885,69.1860273125677,0.8703876393425163,0.9694161503458443,38.937460101706634,76.77767233315424,1
0.9679221313701463,63.63127483361393,0.7403352589298725,0.7187473988322336,43.07815778191875,73.48635229805807,1
0.9353260514882795,78.60264795306959,0.8025751980466442,0.8157061722789063,40.96368143677252,90.89360409717001,1
0.7634889113802172,81.09716638332578,0.7774929503130374,0.9829504060917871,38.22353932406232,84.70920507148102,1
0.967980288421883,61.24486783331459,0.7237806318975012,0.7934432483823636,44.781974642059815,83.5437939889984,1
0.8001670475231402,74.90350880789998,0.9866754274375887,0.7944786106895123,37.169250065331184,93.33508817700546,1
0.8680095927995192,80.36365055177507,0.9287007950531047,0.8285696741780578,42.104231804493324,79.70078922619307,1
0.7703085384717172,65.70249485425025,0.9825468336254511,0.9223445612775818,38.58421929581584,76.82655071225932,1
0.9861923066399031,78.17726303597826,0.7772967550791435,0.8719851306604767,43.04451612344861,87.80592982369947,1
0.9002211211816569,79.64241819777271,0.9600973948814462,0.7730978826797912,43.29410886401945,93.88459207134088,1
0.8595181577375747,65.72228147872224,0.8035279079017595,0.7634304432197015,41.102731802565906,93.00586266290485,1
0.7947201381625583,77.1478742348746,0.8624966871330553,0.8347714516462693,35.10396829407234,81.26879349974865,1
0.7994051451078548,60.55503205119768,0.9755125951204774,0.7943898570666811,40.054114688938114,86.88292975632143,1
0.8547974160918387,80.19571787958562,0.7803968508620182,0.9946582275584297,44.65552081577385,92.67315114106582,1
0.7824792077428631,61.54933161122488,0.7608808442501962,0.7283864480561182,40.84108016694419,80.83852283293876,1
0.8970690724583217,61.81497231439403,0.9126954798240998,0.7178167309331532,35.390875756774136,81.66963837383808,1
0.9688207905748024,65.00593303022525,0.9366600051687443,0.8109149553278605,44.42262584935394,94.98826562547262,1
0.9526306417405591,89.61766816714608,0.9677109104112863,0.920551862253865,41.69125864924994,88.3807129281688,1
0.7011901829570217,77.77502157918681,0.872795106215856,0.886335455346901,44.89578588445941,87.51695082136509,1
0.8362442339396814,76.26823700926782,0.8721252862414388,0.8131853830172198,42.698472621732456,93.83861125208607,1
0.7304447082108226,64.71647707447278,0.8491208445171705,0.9500299842136288,38.35826845617173,78.05921084397804,1
0.737546789370766,62.987159562956705,0.900678681762124,0.9983322498203522,44.62253341985753,89.1284418982417,1
0.7348043225782493,87.67085520169876,0.7480343970673038,0.9782955035676584,39.825723052988415,93.44605525413434,1
0.9443156418911764,67.26328063091246,0.7995496363185257,0.7363718791162932,35.82315050461602,82.7818155312089,1
0.87147788494325,67.97717435554954,0.8431468395579264,0.7979162285295773,41.093589482468886,86.97341794195296,1
0.744639829848456,83.65963864280693,0.7864438039969833,0.8631603549224665,43.6394646069346,88.39267494787136,1
0.8896162142455246,77.20431235580305,0.8767547127132691,0.8678436089670629,35.43197367959678,90.98169998401806,1
0.7427205961713849,70.80224190592425,0.9885018672494623,0.8394129375609921,39.967456355546,76.23769758137674,1
0.7998611696435972,67.74228046821625,0.9557883616487723,0.9113932880196393,38.52643790396381,80.52487068089974,1
0.8134516348942293,65.45287094500445,0.7006733734524832,0.7242500113570794,43.98065586963034,84.7918636661327,1
0.969617668943175,72.34567244984363,0.8085005030209307,0.8401457377729509,38.565703853817666,74.08448496489095,1
0.8134747212432215,80.00500281879941,0.846397495245061,0.8750640287311832,39.11214790895457,89.76067979871516,1
0.9921457629999206,80.36931964828887,0.9731947925860638,0.9257731193711903,43.57028364536287,93.66827058434447,1
0.855176449207097,60.871835533594655,0.7093504571199654,0.8130385625742352,41.04551311278612,88.7548861432872,1
0.7996824711978902,71.75007098709682,0.938662657538733,0.8477324938554085,42.87395704861202,86.45270071247052,1
0.770034603721624,69.39262636643177,0.9373527842908456,0.8084459045444481,35.12316350512708,82.47050630758478,1
0.9245625825935171,80.33249261571598,0.9862982861945813,0.7859479758051711,42.902486640504826,82.9841120901227,1
0.9891711350067494,71.97295482964128,0.8230473589842696,0.8840782051001708,41.85783986634475,74.43308222190784,1
0.9216717047013532,79.3236247165435,0.8761402360349603,0.7210249697550596,36.84111798013982,70.6267608359906,1
0.8177064437020892,60.18986478555692,0.8901873632123909,0.9975727389401735,36.174207465161786,71.41113976558013,1
0.7510467391325164,83.5843653745461,0.8650820584205218,0.9692329752340433,35.768646385679,86.79570805794542,1
0.8706685965853939,82.12618653235648,0.9891603222548473,0.7772323442317465,38.542881215805714,75.0471664773075,1
0.9414230526593984,69.99144145611024,0.7495771317117916,0.872786001129245,35.92568225046406,85.97053497674894,1
0.9452102030271209,79.70689397932823,0.8022243668751954,0.8995094075397265,42.09802154003313,71.99682380194821,1
0.8249046646642051,87.46664723399356,0.9316221359632035,0.8644959169949011,39.43835925701832,73.16171146606864,1
0.7666069833795534,89.79075320533403,0.761823293704494,0.967907108602334,38.77085727203496,83.4233719282407,1
0.7898272931682435,73.95218200598393,0.8546542350406261,0.711825094025542,43.50370950462783,70.34010923939798,1
0.9493575136622926,89.86188177330646,0.8080917909148762,0.863908926350711,37.234239694032645,83.80829624346586,1
0.7744739601379804,70.56090634243517,0.842745002428505,0.7201049418748559,41.86368968926711,71.354563511227,1
0.7867515114294316,86.58568164606885,0.9778512279053816,0.941154313349603,40.25947059551716,83.56516905311555,1
0.824323720348047,89.79372035908564,0.7254801406035817,0.8753490642959405,37.5793208345922,89.13106356460467,1
0.9883308489279395,79.29488932971991,0.8651719872356063,0.8324557572577511,43.45486967120304,80.03449363970819,1
0.7012364046015511,78.52461774170347,0.855271331904986,0.9113300751046258,41.56447419374491,87.51439397217595,1
0.8143447610222161,76.84627562537676,0.7268761606052349,0.8171318293279075,36.408284655613535,79.77222279111209,1
0.988046430099718,82.43664728566351,0.7377883000602843,0.8984953643673851,38.17900164088692,89.55657226598534,1
0.7268793740237169,81.31406098904775,0.7277100508919309,0.8724073367062422,42.439261331381125,81.8903157783462,1
0.8074997004678711,62.69757504358828,0.7760489592243593,0.7126279616257188,36.11326528757779,89.42735014702298,1
0.762809176470092,85.79694809076882,0.7163148688027984,0.7638154479202093,35.08045049282966,91.17773244276482,1
0.8159517886047715,73.82970832557747,0.716915904110813,0.9650219277911524,44.24941171942277,88.8935121578387,1
0.7733191509993022,80.02454442940406,0.7143036080920964,0.7482235617382135,40.43290219855103,72.84267661155853,1
0.897953224857144,63.34868022210021,0.9477409684314297,0.9885686168798379,35.8895153711336,77.81566117023507,1
0.8956703845569063,64.07104203784718,0.9048626229135216,0.9906387289060278,37.13722940284003,71.4285235670933,1
0.8178132084575097,73.69559158887195,0.9368086532195236,0.7245920494776098,43.868721035169386,77.243613281375,1
0.9004494151071648,79.67794992832293,0.7809777367659622,0.9143908993076437,40.84905593462922,71.99651343662704,1
0.7831096527981015,69.90743178682365,0.8610674871476741,0.9960617336519836,40.165042726998486,76.56244671203707,1
0.7629666049144536,68.02504506668909,0.7937016484006757,0.7714985291393656,44.64381796687995,81.97651034060881,1
0.9045741580312532,78.1771219475583,0.9678450284907287,0.8605782245713525,36.328696450745774,72.62507183647944,1
0.7090634555646685,64.63162036944563,0.7180032546070042,0.7095515228696013,36.44759884685424,81.81334947554137,1
0.8047158869943593,60.50958750138161,0.8003867468515389,0.9543609062683918,40.94980183239779,93.12781120870537,1
0.9388093468661202,76.47098902036147,0.9822897209738278,0.7207769552124873,44.22464006513832,81.3491872894137,1
0.8552636508205507,84.75585969519986,0.8532821835428177,0.7570286563945385,42.86734425922511,77.70471656257033,1
0.7371459477100636,73.49935271720678,0.9981736072623056,0.7326562562459362,40.3020374818241,90.03879585862778,1
0.7203288006909117,69.6060952838774,0.8753456154647676,0.740046675689643,40.540470518477434,93.04890662003586,1
0.7520519563526182,85.69967582265835,0.8876033137710351,0.786179795967917,39.6258326422419,93.58298220104275,1
0.985937066252517,86.4125376080412,0.9596980763053274,0.9823956399668643,43.21481908045703,93.75290150417263,1
0.9544909628152681,88.89146084397622,0.812574015095162,0.9121991507474674,40.62117116723975,73.99414417829954,1
0.9418926302019011,88.79540541616929,0.850386526398736,0.8136510840451011,43.527506310484334,84.85725199748585,1
0.9060847793619661,83.16532146568123,0.7575438462069456,0.7163095548165416,42.3193199321527,83.69547870798723,1
0.7243336107316826,89.79690568871497,0.8949354298520585,0.8885925221840513,35.00138251858101,74.58610925114138,1
0.979390742138352,66.16579233523099,0.9864446494191194,0.8643897499907094,38.55652457371545,81.50926713961697,1
0.8528259342065488,84.89117192076195,0.7216600161526734,0.8004199172696562,36.75968100998045,70.87797588477721,1
0.8904066894958192,88.17051886640094,0.726317378623317,0.9673410862335581,41.54452263817566,83.78143363230714,1
0.7155432215621618,63.08437051030328,0.9842797827189136,0.7798989307912517,37.50295930698734,80.58738810312065,1
0.8950854286003478,85.12686704047222,0.9285551783428988,0.9263669908915609,44.62397993043131,72.07550718951586,1
0.9611751508358025,73.85493655433396,0.7710418328918167,0.7897264207929182,40.53847359378785,73.80331608758665,1
0.9208651144377613,88.9410450980798,0.8531349451717674,0.7221931594966104,38.7777022096029,70.7068783406288,1
0.8040294558355467,81.54334003538372,0.7748876886261615,0.907513675769697,44.743045329969185,93.54595711605124,1
0.8948775175942286,86.28830194785334,0.9059805642307854,0.8082385682730392,37.4712598654829,76.15722181015285,1
0.769389202307385,85.25389417911263,0.8191828999233378,0.8755330389171232,38.762541206884585,85.52294399191302,1
0.7822115079699069,73.731452990335,0.9243573431065818,0.73505439982316,38.919691981881385,87.54131027013459,1
0.9063419425532622,83.24234170530325,0.9319186517608143,0.9929540249437172,38.131117891619375,76.03222518045372,1
0.7880994549922778,86.05398547263373,0.9054377759649952,0.8764587572286373,44.83501000522141,94.13265879341928,1
0.7447760758422947,63.349699113983576,0.9374516740562432,0.9290920409106592,38.804119051680836,79.15169301145899,1
0.9386497300041141,77.17867039934414,0.7972900053078563,0.9267390918758303,37.98282497694437,79.7335753367307,1
0.7281247087579507,82.34337033866785,0.9645024932718014,0.7187211872468354,42.15600052681011,76.02932164283631,1
0.9215281158223653,65.07058763190118,0.8477864581833783,0.7497973253791449,38.913842207223176,81.02881152169572,1
0.9849994411937463,88.0984250755127,0.9833860846875726,0.9259905042353651,42.11295876390085,89.18040143527728,1
0.8032544521371205,68.40061781566222,0.9970912536164702,0.8504287481111825,37.1331367618851,82.54184791219048,1
0.8019062084611824,65.68633458764043,0.7080673300694124,0.9047471534835032,42.25913519590358,94.82669494054088,1
0.9662518623210412,62.8776183128476,0.9877975460173313,0.8730794261800287,43.884560701071784,76.76276166463148,1
0.8103616740911298,85.49329353304051,0.7223660542016753,0.7711132820349448,36.11800740246397,80.93398976650437,1
0.8972345812490969,63.7148107236734,0.7965547906755553,0.8849220855201384,39.24932934662765,77.62888890633296,1
0.7803678665609501,68.49892407349127,0.9669107113889382,0.7828779386984805,40.43952811239365,93.07345169000965,1
0.8769471468425899,79.44061245728572,0.9323805960545296,0.9080894773737377,43.20078505058438,82.36805076994672,1
0.9025292091659755,76.42080691735158,0.7392372620024225,0.8725855862294108,43.253823917122226,75.34002936780217,1
0.8831051863164454,84.12696454485527,0.8664797425531564,0.9622316186466867,41.572209480974344,75.11426857693823,1
0.8178876910511361,64.3564624062467,0.9518214348783163,0.9021358031277551,35.87054572037787,87.46695095001616,1
0.8333192056504354,89.97443982459775,0.7443449385759244,0.7801681078293268,37.738126265917856,76.3382885342736,1
0.804975612833655,61.66459420616646,0.7687698894005381,0.8159788992715673,42.07949488010086,87.67387264580667,1
0.746005855497208,76.22071431564427,0.7794145827784956,0.7645401826056437,41.49739566064266,80.86760409055579,1
0.7338545139020987,62.1571855981107,0.801823467696732,0.8658496605517548,39.486507591024406,83.87981273971698,1
0.8859264448786462,86.64451558445994,0.706545798399274,0.8119551928705501,44.26079193631437,84.35122518387185,1
0.7532075769395493,83.04843445234164,0.9258935413801535,0.8799634149364263,44.76832517448908,79.54623641883516,1
0.7718177629384184,65.19961737088242,0.7106847556960634,0.821253862927084,40.428922698909666,88.357118799417,1
0.7989011144683057,86.51455649368498,0.9436137948319193,0.9759964846521237,35.86408274692268,85.5745962945125,1
0.9275559769500771,83.43694161037743,0.7478411750218241,0.9015798647051845,35.52113414480476,89.42490843000182,1
0.7817915982997214,63.57315857393969,0.7347942061655937,0.9135643249224142,40.45488833740771,84.4704834841253,1
0.7369577267714778,72.06600686025864,0.8251382234446253,0.8462625021894594,36.42771168680203,84.98599830172019,1
0.9542065047287149,87.09174944373022,0.7664061223284014,0.9103978879810116,42.75680671261691,83.18289170188508,1
0.7655322972024317,85.19892439361317,0.7702293014949593,0.8608122594132043,36.01615779742037,77.3439765716111,1
0.9663298591368636,76.66034865895709,0.9471649597520213,0.8244372200408836,40.96758740727546,94.91965267976961,1
0.9854472975846921,70.74629737018623,0.9527546005603282,0.833380938542276,37.05879681656726,92.04196378103569,1
0.7854284448473073,85.6465038538536,0.93471634140334,0.7420162787186972,37.30924707944296,77.55839933293596,1
0.9072316313798591,76.50377901097269,0.9067503581026706,0.744980157570058,43.24251713804426,82.03603517619247,1
0.8530824676808954,88.3777506251143,0.784711713466061,0.7741447743377501,35.58598516338975,86.53591863966189,1
0.8743477752359406,87.06432513421493,0.9265509112904036,0.9926273935967425,41.82331492486916,78.20174197767861,1
0.9396185238125969,81.05760402702687,0.8507615298933877,0.8045576014262282,37.73995867395736,76.44690982108469,1
0.7871815030895275,65.10117499584365,0.8769487526357042,0.9776225512369376,44.7616458180711,84.00619140801676,1
0.9580049512717418,68.65660318671834,0.8893777157858686,0.8777393732353246,35.40488443418605,93.44696221220269,1
0.7543125403041413,73.59380103473734,0.8036382518261351,0.7701969322344943,39.845491836076725,84.90273621467236,1
0.9759213664023475,87.58652117092296,0.9342925157697664,0.7715667432303508,36.96876285679864,91.84630550929504,1
0.9945485083934587,63.00263766241884,0.7806393864890794,0.7562920333825214,40.12521563994147,78.91728286450054,1
0.9280955410232129,60.76343280783176,0.8389070968852298,0.9219271418823054,38.718314048964636,80.23194838758344,1
0.9284022755894865,62.42991019445611,0.7766463194759441,0.719856477288594,36.5129905625827,75.49576529992316,1
0.8897291850310285,66.70389382952608,0.9382223112193115,0.7477026385730013,37.428989531127506,91.65793374496928,1
0.9006189651675192,85.19660477083804,0.9268877325671067,0.8874013843800996,36.24695143993059,81.36865557107873,1
0.8465868803638982,63.91895443035116,0.9995860665905458,0.9413949763086252,36.01259861492942,80.01618852713753,1
0.7810522504038054,62.03283255881561,0.7845016589359676,0.8327661327592036,43.8238606207892,80.54475168869759,1
0.8810262421336774,71.35029735798882,0.8989680431232475,0.8861215473474692,35.36937819785176,94.84690256672634,1
0.944234221750284,81.99477742897793,0.9625465618930941,0.982442109072466,42.88193206798967,92.8592673846222,1
0.8920770525034798,60.275119978605105,0.7968300528820426,0.8080716172197555,40.28270406322596,81.96015222124,1
0.7712121276866848,88.73727254765458,0.9837575257671012,0.9306065662623487,35.34291835961624,92.50807138216975,1
0.7679817319315012,73.22398970610985,0.8649486094953366,0.7464574332064866,37.38572969680085,74.4515494908648,1
0.974826458630482,71.1951367966259,0.7969580883818494,0.9781265387075647,37.974955522245196,83.40758628669268,1
0.7649295495769287,69.07360147406503,0.7754349504674362,0.9557506359751652,39.84222228304885,73.3263466849833,1
0.7899427885807103,69.35826336466481,0.7311835677476883,0.7985403725520891,41.60719716558597,87.58485778908229,1
0.9167381184770236,71.66140564871048,0.8673176770318075,0.8082190628088429,41.77398107085814,94.14769848510994,1
0.9494054247029614,80.0031753169074,0.8879287474522176,0.9527486720124119,40.341723969320945,91.77081748277504,1
0.9964966758908599,63.624569860369704,0.7572435512295305,0.8709086982578036,41.45253866161642,74.69792091041766,1
0.9203419252037823,78.90738599901465,0.8932842431493313,0.9980891736834339,38.77535832114079,86.46372804070914,1
0.9932732128542796,87.66261790257012,0.7248517864054929,0.8302635615968486,36.54295317456229,71.63241343680875,1
0.853173213208821,84.44571184310088,0.7863805422700287,0.7043800452216478,39.20186172036712,94.8846756483078,1
0.8829829489474093,72.78458552556567,0.9652610788481458,0.9275233325333105,35.40312862440713,82.59136928075084,1
0.8617418905890001,76.35060344364038,0.7706406651506684,0.7845490147881312,44.08218762772981,81.36339340030548,1
0.9748186752083898,64.37419743368694,0.9856243223425751,0.7048873113704341,42.40823736348709,73.22465195738049,1
0.837501719624012,60.19184595087283,0.7416526909871235,0.9181404025286587,44.202654805617655,81.18803599044386,1
0.8283047207845894,64.52222150084332,0.9597124182385959,0.7640379522136604,40.158367221048806,84.09860324614978,1
0.7138732157978636,61.75062797197712,0.7556843579382225,0.7641268305397757,36.35464898256883,90.77448911022718,1
0.7936305739116378,72.95471649071122,0.8659570689440719,0.748798110227035,39.90679902472968,90.48467373012296,1
0.8913595106754051,71.74850044489423,0.9807384701137094,0.8831155596212121,35.99090412880651,84.53180838634823,1
0.8606867523447757,67.63580667870741,0.7518713248350197,0.7352980478167505,40.457982110869196,84.6916720765283,1
0.9952448550953025,83.51664088127966,0.9691285367676504,0.8681140905276727,36.54841486823875,88.67750280903142,1
0.9643322857830308,87.23651932211516,0.7126060599801123,0.8797812514633048,44.814241077690035,82.05666418210066,1
0.8632577812744738,80.65077492429607,0.8049782443518422,0.7013661823939652,41.93636305788641,86.93082026418476,1
0.7819731300693352,65.18707409652359,0.7588205827736655,0.8008169523139229,36.57140750196711,89.08589381814457,1
0.9415722714672105,65.4548649833797,0.7004266581142771,0.9127650768248051,44.98491446940469,91.40056866704244,1
0.825226515040413,89.09742266482765,0.9531661606886852,0.7165352409250568,35.694458983969916,84.63042794483995,1
0.9575095750942804,66.08051596769205,0.8164968620762073,0.8229688529941119,37.39266673445266,81.63085539192066,1
0.7531836540143626,76.11802468423146,0.9961098604084108,0.8890207968032411,41.96818227111594,73.59098410225569,1
0.8229487262503783,88.96748503225034,0.8479697736338986,0.8399631366408508,44.8293861423641,90.9147438160349,1
0.860837176012288,87.72592046078863,0.8655675184262943,0.7290631545225895,44.35796494418728,85.11427714652096,1
0.9533351822630589,75.88584694073995,0.9113764028381597,0.9808450527401398,43.290036995193915,94.73236132367592,1
0.7488423434743032,84.01709957025642,0.7409473023486982,0.9883310517377413,41.11397327688241,71.73161455502634,1
0.7844236873210065,74.90654122123874,0.87239220918796,0.7781654958271123,41.04541682255212,81.88625137358959,1
0.905772736165968,84.09225021379282,0.8712779956547745,0.8402332515997948,36.649907218397544,75.33112611229723,1
0.9911792082756907,61.21188972507226,0.9042663723191985,0.9035079682735158,35.70344351283455,93.67322717862294,1
0.8366629967408881,71.74954054700471,0.9244343686332798,0.7204253328871435,39.949468274929146,88.9684924149431,1
0.7069591913076817,63.810303435619645,0.9167743613571607,0.813041854331378,35.3124459333311,88.74255989604015,1
0.7961147345260035,63.57921438519056,0.7387364089989822,0.9136671456445519,35.97353965202756,87.65199833054822,1
0.8075614122441468,86.05619745402375,0.8513086643719737,0.7555577201981121,37.17547606666793,84.56194044540804,1
0.728635169377153,75.22814736958976,0.9273477774144161,0.9776224278178623,35.445597978512964,79.84577777606438,1
0.7940165000776824,82.64796026465321,0.8522065973919735,0.7704128901177254,43.7892998744486,78.00833186110005,1
0.9073394672479199,81.46809160018873,0.9779746437471765,0.743874081468126,44.45906535182705,70.98273202250803,1
0.9623819307550182,81.7660410756,0.7985928018469104,0.7845946309855343,42.56316638841612,93.1739154438697,1
0.7944135405004736,76.9927135771475,0.7364328403965381,0.9172212021546784,44.775035937851996,82.92345457193099,1
0.9785988783259674,75.48368983437904,0.713743977078237,0.7426256179158511,41.887922170403606,87.12506186281487,1
0.9892644057989928,86.94699061236894,0.8581207875668183,0.9132562045558572,39.60395991436321,86.77513956353188,1
0.9268724982324046,67.52379711949162,0.820265251886969,0.9973688573436952,35.84228550497715,77.4147037522266,1
0.8486149778366765,70.63829985162168,0.805629435686797,0.8592008399753938,36.112064799121875,74.18463622054111,1
0.808693256794996,67.68931869337099,0.7471354935667496,0.8716921517461655,43.760671148236696,74.53392375658028,1
0.9351629184703999,63.55739350304538,0.8939476753781018,0.7971681115723765,37.05690268835179,80.87106240893084,1
0.7872397557145137,70.402438420914,0.910671819535142,0.90998160446473,44.52888917718367,88.38671730843257,1
0.897772395390805,86.50564402337969,0.8730158266741496,0.9896092135235482,41.39470304473231,81.02768848452014,1
0.8888067633805795,89.89355656137143,0.7482556856182615,0.7550525707358203,44.850938626333566,81.70422477595025,1
0.7513657244365157,61.34590300298156,0.9689243623387581,0.8009158196745892,36.73111040643836,77.28967813657871,1
0.7911296300380014,78.92799872097308,0.8568467049551485,0.7220038856152031,39.74949559336487,92.53687460710651,1
0.7296702898599753,72.59392348823343,0.9650173537995305,0.8646790149516843,36.569463270374534,88.00270528361447,1
0.7138824747143435,62.27389404973312,0.7483869740226974,0.899879434143813,35.42221758530448,90.52043720452423,1
0.9398796085421796,64.22765213896834,0.8774133259800562,0.7298580397456441,39.437816759313684,80.36789070103237,1
0.7756313173107641,66.74319477532731,0.7566825368635893,0.9825337583733771,43.764081674292015,90.73503764314202,1
0.8485971940029986,81.38963318012648,0.9391927424801638,0.7605719241095519,38.530677887875584,72.2137546812584,1
0.8172429346274768,72.6794019872809,0.7967521521108126,0.9544552370588507,42.94884647659945,80.93829170539017,1
0.881933652035673,61.37417335621046,0.8993950002961975,0.9735238501114678,43.05721522992149,79.194459721168,1
0.9560493070632257,73.91357219505652,0.7141948639808948,0.7267656826942144,36.545335696221684,86.28278226462824,1
0.8445926550911388,72.18041763726792,0.9559186139027335,0.8922020519130418,44.36434117888487,78.7216122901135,1
0.7668373351129906,76.76501986426506,0.8872428481022997,0.979843440499003,36.43282631496575,94.56743459664908,1
0.9954215156604401,62.544325011597124,0.7386823244523654,0.8780830712169151,43.666269708946004,80.07803233961995,1
0.7607443126583632,81.96293324018048,0.7190783285636884,0.7949438515609158,42.886011098876125,90.74631632968496,1
0.7340167919171006,73.47400191204915,0.7541087752311283,0.7097060417287634,39.639319454086255,71.26305296282608,1
0.8777631843767234,64.58110178563163,0.8826077658154157,0.9879967002952529,39.4588005076565,78.7044263837791,1
0.8078548686749443,71.63944148687771,0.8811754788505821,0.8862687867601328,40.51595823339713,74.28032353980353,1
0.9333764414755832,78.03558330663269,0.796431205229963,0.7454397475674307,44.22536060083338,70.24040211226631,1
0.7947984760485595,86.03286395214678,0.7600078023492832,0.940990508052428,37.67386573706874,91.46361472044896,1
0.761838969139174,78.08837336366395,0.9743870427856144,0.8361406050174176,41.35328444722958,72.95281467222023,1
0.950051420668148,67.66541777710225,0.9236242029686712,0.921911622855684,38.94534568548543,71.32933321819674,1
0.9644773754890373,71.58161207170228,0.9855901235197412,0.7474313993238413,44.856281666076654,89.61438977573,1
0.8285211010174773,70.66687925475578,0.864955422694666,0.7705063956100157,44.55481616733958,80.19281881715256,1
0.863574900949409,85.65462637705168,0.8739536754462346,0.8856286420227748,43.075071012760624,70.03414856075194,1
0.7213525437341439,86.2237457995797,0.9609499610507962,0.8554929451311041,38.69957468749326,78.93856054140223,1
0.7279507644707052,82.97606187676885,0.8466550217903873,0.72630106140704,37.96701341313881,73.31342048685156,1
0.9495163620095715,88.26999079249875,0.9496126227343756,0.9331214985255846,44.70649056765794,83.98282333516342,1
0.9045344218133945,64.94785767739012,0.8606150670562718,0.7222260669308346,35.447003751610744,88.8227911852138,1
0.7529553265057245,76.73089367900326,0.8063384290644762,0.929627565908268,37.55495868201627,74.17776097557079,1
0.8971009689503464,73.55519748540746,0.9105764343979533,0.8204441500699123,41.985905591257655,74.30410168447003,1
0.7599450976814148,68.0828409498865,0.8583276199624791,0.8988873360644425,43.952758013166175,74.38507872428524,1
0.9689832476024037,74.55547932347251,0.8382222989998033,0.9526721690173268,35.92110284382806,70.32317359997616,1
0.992367857384473,63.90821827726491,0.9068793475255255,0.9920258811954119,35.099261824157054,74.22454452792887,1
0.9754169903955898,88.00460882736239,0.705153358779189,0.846440911205706,42.35241311387774,78.82991849919757,1
0.8354313014184596,65.8019799746587,0.8502208500819598,0.8375121551908761,41.321004430687296,76.16249514697945,1
0.9212194158164099,85.67850140449863,0.7838983722009021,0.8696255977302982,35.58051968953671,79.04492732623766,1
0.8945229082487717,72.23330907743932,0.7316717378111085,0.975034529625563,36.26894601008854,85.80778010183109,1
0.7616665293852448,65.27572748707404,0.7214273022436624,0.7593743646494676,42.408184284450996,73.32207816705291,1
0.8797961412469287,75.49995482643267,0.8197963226569693,0.7004034188739835,38.15391126146781,72.43937244634546,1
0.8515298419352746,61.28033161958751,0.9671648578307267,0.7999466004463192,40.22166924323727,93.03851639036074,1
0.9602952054709554,68.8910040851106,0.7226729301926533,0.9650523530995068,35.72476215567016,76.12388186442602,1
0.7292570731173836,68.65408989954638,0.7678654113823618,0.8524342217206313,37.83073725045084,91.76917712795003,1
0.9313761293224009,62.87554747517908,0.978189681662034,0.738465957343594,40.874030148201186,70.85400063980642,1
0.7633011835711524,83.37677570338487,0.8769646982865973,0.960518397748528,35.748471926285305,90.75239638705908,1
0.875602259294974,77.19933452508086,0.8310165116644946,0.7555603824370728,41.140352106661396,75.6974825585834,1
0.7053511357263429,69.93866270467547,0.7456500366495664,0.9817063609493014,40.4975276521551,75.70840013156483,1
0.7764279387438836,82.86995853132322,0.8071659698895987,0.9782290183379185,42.90279254948055,91.21512134010263,1
0.9185082443553151,89.4368490236011,0.7140824676663229,0.9701286513583236,41.34836251319994,86.40982923757184,1
0.7041678359219772,83.51103628321047,0.8988868439700876,0.8198693232862875,40.20064189528586,91.26686839315717,1
0.7133544435881436,62.76856137397225,0.7207941490949515,0.9077569174306881,38.31326424015884,72.23025332829903,1
0.7934903316362877,71.68325384934606,0.9831426349921936,0.7450660066489191,44.90568867601323,72.32859439856645,1
0.9286664702177797,63.276382912756176,0.8599476121147266,0.8746327677818307,35.03903390975661,73.82237983502972,1
0.7524285151209636,73.97969005552744,0.9061338999011672,0.8430184716047154,43.87983157596077,79.71466020855118,1
0.7193251622572027,78.97536868805854,0.8973110842557729,0.8039657365941233,35.96294110739702,79.85109980423867,1
0.9754961727158603,81.79736303277713,0.9464113454681331,0.7338056094829791,39.19444206943761,71.73943736683296,1
0.709004153186358,83.64896766904008,0.8630196829211324,0.878956498468104,38.570098501187985,93.17337230853865,1
0.8188622632793762,75.730264620625,0.8128907167931201,0.9258810917845521,43.853405685587795,72.4107317676202,1
0.9555907587578575,73.53489858185324,0.8754816251574581,0.8658943958873924,44.748203426509114,94.57701808138812,1
0.7813359268661075,87.37790508037058,0.7703115735438015,0.9602988918034966,37.88111981949116,89.37995806369206,1
0.8085729257035175,87.38333253343976,0.9133170791051585,0.7344037135551256,43.69442860216304,82.55544594646494,1
0.7889485434547548,83.81599935495595,0.7896125065689255,0.71299329781631,40.15129138552421,89.01793236043659,1
0.792254555630221,81.95158224781665,0.9419571514600548,0.8246959086003808,39.225603209899795,82.3189969373139,1
0.8040667373203139,79.66701076651773,0.84973971907501,0.9413006158056829,39.392721785913615,71.34311221239277,1
0.7875852598871598,86.25665809340667,0.819510665734213,0.8043135275011246,35.93282019658647,82.40048023359994,1
0.9867064193142684,85.89983831872962,0.7978236206906086,0.914657819087524,41.72583692949979,89.43606810306608,1
0.9205167713972505,76.61562688119737,0.8528534647965831,0.9600098758360884,41.531988168689374,80.08143736909874,1
0.7541510358013616,89.68789458370492,0.7067858905573992,0.8254805684343792,37.72947927694023,86.86016642955786,1
0.8807790900980277,80.50801304988624,0.8630037957529151,0.9133522987227146,37.65789551696756,78.9387986893661,1
0.7658969910137544,63.30152890147647,0.8271816351153263,0.795553750363746,35.953838421599954,74.51064895065548,1
0.7304220824207707,72.74330268987107,0.7242306497706809,0.7911063354557933,44.15795891713543,83.88124896771983,1
0.9957621286875643,69.95344050282603,0.9012671433427757,0.8704881153387298,36.69441486905464,89.85275500223037,1
0.9368541778762833,60.241169469596,0.7746942449805768,0.7818958152495561,38.53527295384066,75.04718841210746,1
0.9133942253694572,60.378653353072686,0.7613103222760542,0.7325216712639167,35.91888760151183,77.83237041258545,1
0.716047402533057,70.13891829726965,0.8049365850606692,0.7651570802186639,36.07895254802933,93.03691611987169,1
0.9158349993833833,79.0304163255666,0.948567830537011,0.8523298857083947,40.80486937243829,91.14758305138213,1
0.7456926563621366,72.04695129500513,0.7111296761152273,0.9728010845140831,36.70041365559117,89.024170898634,1
0.8357815287540347,83.95566908214555,0.8428055737580493,0.7328104815178985,39.013051918031394,88.02937017132048,1
0.996146477685519,72.9182027197733,0.7363140550873565,0.9311405074944493,36.16901846359806,71.03780542196318,1
0.9445442129279819,66.91078420780838,0.8765111879778693,0.8246017136027902,44.74383070982865,83.61781939639351,1
0.8217584914256625,81.46777945681188,0.7288014536442516,0.9999669136009706,43.38585590444726,80.35508470712142,1
0.8851450018486283,73.92613929334888,0.754523342909008,0.8390495034635438,35.47524930577726,74.20294156341544,1
0.7064942275928465,84.77627514907975,0.7384621824821898,0.8492542621731073,40.75479151171611,86.82181619018064,1
0.7444286904078783,76.30320253613158,0.8321618973528693,0.7182263598620935,35.85848041975907,84.24659890221467,1
0.8789084355881549,74.22623597554829,0.9416967762736375,0.8035807402500571,41.46293684606396,71.78584626652095,1
0.7526096158356261,84.63130202330363,0.9682111347450649,0.9217613442781659,40.48766656894078,70.06749020680749,1
0.7834697425866942,77.56440517895143,0.7676758087721435,0.9588449920549861,36.12472028057541,71.15008744944915,1
0.7144419474545465,72.7282720674411,0.9253438863945856,0.7252939396673571,40.295912850554714,90.79999625708038,1
0.7086281013036821,62.01607069689205,0.9859504971441552,0.742154698633447,35.60292272307287,71.30069138634718,1
0.9530317967192209,63.634793890435105,0.7062520203778214,0.7551099209622056,39.370679439688026,75.6650008904092,1
0.7359016869941093,72.15696174515682,0.8953019280673709,0.8506686560988879,39.702804267623634,79.6473493802448,1
0.9636861271942361,61.107356966935114,0.709087126023535,0.7614368323824138,41.90719231210145,71.23754205516951,1
0.8101005315666134,74.41605856487253,0.7324978795959196,0.8018622358772802,40.75606961847691,78.73474990834845,1
0.7538904958485853,75.6606218883914,0.8701510339309931,0.7133482615468909,37.67069990636974,84.04448625394014,1
0.8234017656168862,87.62444311236493,0.7160856357013389,0.8540736345856484,35.11584321463952,77.85043328987891,1
0.9822925922639695,72.4757864766241,0.8692574444227695,0.7922867866841607,44.58202135428234,88.18639022859773,1
0.8372352078996826,82.56225394750456,0.878833723239996,0.818985728619114,35.05402249180375,84.27066595220015,1
0.7262391546361017,61.45004524593617,0.9093299294445446,0.9693818832579087,43.52225609745796,92.05867398899548,1
0.8365405458811943,73.23232404007032,0.8749717030650646,0.8876113079269864,41.86069318963275,93.44698262676219,1
0.8583370164521601,71.7440964778919,0.774112772394667,0.7899004879250607,40.3460765503416,92.52213628839995,1
